text,address
"Cleared: Traffic congestion in Bay on US-231 south beyond SR-20, all lanes blocked. Last updated at 04:05:30PM.",US-231 south    Bay  FL
"Cleared: Object on roadway in Okaloosa on I-10 west at MM 51, right lane blocked. Last updated at 04:45:39PM.",  Interstate 10 west Mile Marker 51 Okaloosa  FL
"New: Object on roadway in Okaloosa on I-10 west at MM 51, right lane blocked. Last updated at 04:45:39PM. #fl511 http://fl511.com/EventDetails/District%203-CHP/64042",  Interstate 10 west Mile Marker 51 Okaloosa  FL
"Updated: Traffic congestion in Bay on US-231 south beyond SR-20, all lanes blocked. Last updated at 04:05:30PM. http://fl511.com/EventDetails/District%203-CHP/64035",US-231 south    Bay  FL
"Updated: Traffic congestion in Bay on US-231 south beyond SR-20, all lanes blocked. Last updated at 04:04:42PM. http://fl511.com/EventDetails/District%203-CHP/64035",US-231 south    Bay  FL
"New: Traffic congestion in Bay on US-231 south beyond SR-20, all lanes blocked. Last updated at 03:59:45PM. #fl511 http://fl511.com/EventDetails/District%203-CHP/64035",US-231 south    Bay  FL
"Cleared: Disabled vehicle in Escambia on I-10 east at MM 17 - Escambia Bay Bridge, right lane blocked. Last updated at 03:27:16AM.",  Interstate 10 east Mile Marker 17 Escambia  FL
"New: Disabled vehicle in Escambia on I-10 east at MM 17 - Escambia Bay Bridge, right lane blocked. Last updated...http://fl511.com/EventDetails/District%203-CHP/63987",  Interstate 10 east Mile Marker 17 Escambia  FL
A Silver Alert has been issued for Hersey Warren out of Hobe Sound. Look for a 2007 Silver Lexus 350 Series FL...http://fl511.com/List/Alerts, Hobe Sound     FL
"Cleared: Unconfirmed flooding in Bay on SR-20 west at Econfina Creek Bridge, all lanes blocked. Last updated at 07:12:00AM.",  State Route 20 west  Bay  FL
"Cleared: Unconfirmed flooding in Bay on SR-20 east at Econfina Creek Bridge, all lanes blocked. Last updated at 07:11:50AM.",  State Route 20 east  Bay  FL
"Cleared: Disabled vehicle in Santa Rosa on Pensacola Bay Bridge north at Pensacola Bay Bridge, right lane blocked. Last updated at...",    Santa Rosa  FL
"New: Disabled vehicle in Santa Rosa on Pensacola Bay Bridge north at Pensacola Bay Bridge, right lane blocked....http://fl511.com/EventDetails/District%203-CHP/63918",    Santa Rosa  FL
"Updated: Unconfirmed flooding in Bay on SR-20 west at Econfina Creek Bridge, all lanes blocked. Last updated at...http://fl511.com/EventDetails/District%203-CHP/63725",  State Route 20 west  Bay  FL
"Updated: Unconfirmed flooding in Bay on SR-20 east at Econfina Creek Bridge, all lanes blocked. Last updated at...http://fl511.com/EventDetails/District%203-CHP/63724",  State Route 20 east  Bay  FL
"@MyFDOT has reached US 98 in Carrabelle. Crews are currently working to assess, clear, and complete temporary safety repairs to the roadway. This will allow rescue crews to continue to reach those affected by #HurricaneMichael",    clear  FL
"Updated: Crash in Escambia on I-110 north ramp to Exit 6 (SR-291/Davis Hwy), off-ramp right lanes blocked. Last...http://fl511.com/EventDetails/District%203-CHP/63824",  Interstate 110 north ramp  Escambia  FL
"New: Crash in Escambia on I-110 north ramp to Exit 6 (SR-291/Davis Hwy), off-ramp right lane blocked. Last...http://fl511.com/EventDetails/District%203-CHP/63824",  Interstate 110 north ramp  Escambia  FL
Make it home safely – Use #FL511 to get the latest info on road conditions., road conditions     FL
"Updated: Flooding in Bay on SR-20 west at Econfina Creek Bridge, all lanes blocked. Last updated at 12:57:48AM. http://fl511.com/EventDetails/District%203-CHP/63725",  State Route 20 west  Bay  FL
"Updated: Flooding in Bay on SR-20 east at Econfina Creek Bridge, all lanes blocked. Last updated at 12:57:37AM. http://fl511.com/EventDetails/District%203-CHP/63724",  State Route 20 east  Bay  FL
A Silver Alert has been issued for Lewis Fisher out of St. Petersburg. Look for a 2011 Silver Nissan Cube FL Tag...http://fl511.com/List/Alerts, Street Petersburg     FL
"New: Flooding in Bay on SR-20 west at Econfina Creek Bridge, all lanes blocked. Last updated at 06:09:01PM. #fl511 http://fl511.com/EventDetails/District%203-CHP/63725",  State Route 20 west  Bay  FL
"New: Flooding in Bay on SR-20 east at Econfina Creek Bridge, all lanes blocked. Last updated at 06:07:46PM. #fl511 http://fl511.com/EventDetails/District%203-CHP/63724",  State Route 20 east  Bay  FL
A Silver Alert has been issued for Jack Scotti out of Sarasota. Look for a 2001 Blue Toyota Camry Fl Tag...http://fl511.com/List/Alerts, Jack Scotti out     FL
Make it home safely – Use #FL511 to get the latest info on road conditions., road conditions     FL
"Cleared: Object on roadway in Gadsden on I-10 east at MM 186, right lane blocked. Last updated at 02:38:47PM.",  Interstate 10 east Mile Marker 186 Gadsden  FL
"Cleared: Object on roadway in Gadsden on I-10 west at MM 186, left lane blocked. Last updated at 02:29:38PM.",  Interstate 10 west Mile Marker 186 Gadsden  FL
"Cleared: Object on roadway in Gadsden on I-10 west at MM 168, all lanes blocked. Last updated at 03:09:38PM.",  Interstate 10 west Mile Marker 168 Gadsden  FL
Expect continuous closure of the SR-400/Beville Rd WB to I-95 SB ramp. Motorists can use Williamson Blvd south to...http://fl511.com/List/Alerts, the State     FL
I-10 is closed in both directions from mile 85 to mile 166. Please seek an alternate route. http://fl511.com/List/Alerts, mile 85     FL
"Updated: Object on roadway in Gadsden on I-10 west at MM 168, all lanes blocked. Last updated at 03:09:38PM. http://fl511.com/EventDetails/District%203-CHP/63712",  Interstate 10 west Mile Marker 168 Gadsden  FL
"New: Object on roadway in Gadsden on I-10 west at MM 168, all lanes blocked. Last updated at 03:06:45PM. #fl511 http://fl511.com/EventDetails/District%203-CHP/63712",  Interstate 10 west Mile Marker 168 Gadsden  FL
"New: Object on roadway in Gadsden on I-10 east at MM 186, right lane blocked. Last updated at 02:38:47PM. #fl511 http://fl511.com/EventDetails/District%203-CHP/63710",  Interstate 10 east Mile Marker 186 Gadsden  FL
"New: Object on roadway in Gadsden on I-10 west at MM 186, left lane blocked. Last updated at 02:29:38PM. #fl511 http://fl511.com/EventDetails/District%203-CHP/63708",  Interstate 10 west Mile Marker 186 Gadsden  FL
"Cleared: Crash in Okaloosa on I-10 west at MM 54, left lane blocked. Last updated at 01:01:25PM.",  Interstate 10 west Mile Marker 54 Okaloosa  FL
"New: Crash in Okaloosa on I-10 west at MM 54, left lane blocked. Last updated at 01:01:25PM. #fl511 http://fl511.com/EventDetails/District%203-CHP/63706",  Interstate 10 west Mile Marker 54 Okaloosa  FL
"Cleared: Crash in Walton on I-10 east at MM 78, left lane blocked. Last updated at 10:17:49AM.",  Interstate 10 east Mile Marker 78 Walton  FL
"I-10: Due to possible High Winds, Motorists are advised to use caution on the Blackwater River Bridge near Mile...http://fl511.com/List/Alerts", the Blackwater     FL
"Updated: Crash in Walton on I-10 east at MM 78, left lane blocked. Last updated at 10:17:49AM. http://fl511.com/EventDetails/District%203-CHP/63700",  Interstate 10 east Mile Marker 78 Walton  FL
"I-10: Due to possible High Winds, Motorists are advised to use caution on the Escambia Bay Bridge near Mile...http://fl511.com/List/Alerts", the Escambia     FL
"Updated: Disabled vehicle in Gadsden on I-10 east at MM 182, right lane blocked. Last updated at 06:23:08PM. http://fl511.com/EventDetails/District%203-CHP/63569",  Interstate 10 east Mile Marker 182 Gadsden  FL
"Cleared: Object on roadway in Jackson on I-10 west at MM 155, right lane blocked. Last updated at 05:07:48PM.",  Interstate 10 west Mile Marker 155 Jackson  FL
"New: Object on roadway in Jackson on I-10 west at MM 155, right lane blocked. Last updated at 05:07:48PM. #fl511 http://fl511.com/EventDetails/District%203-CHP/63652",  Interstate 10 west Mile Marker 155 Jackson  FL
"Cleared: Bridge maintenance operations in Escambia on Pensacola Bay Bridge south at Pensacola Bay Bridge, right lane blocked. Last...",    Escambia  FL
"New: Bridge maintenance operations in Escambia on Pensacola Bay Bridge south at Pensacola Bay Bridge, right lane...http://fl511.com/EventDetails/District%203-CHP/63582",    Escambia  FL
"Cleared: Disabled vehicle in Escambia on Pensacola Bay Bridge south at Pensacola Bay Bridge, right lane blocked. Last updated at 08:01:17PM.",    Escambia  FL
"Updated: Disabled vehicle in Escambia on Pensacola Bay Bridge south at Pensacola Bay Bridge, right lane blocked....http://fl511.com/EventDetails/District%203-CHP/63553",    Escambia  FL
"Updated: Crash in Bay on US-231 north at Camp Flowers Rd and traffic backed up until beyond CR-2301, all lanes...http://fl511.com/EventDetails/District%203-CHP/63552",US-231 north    Bay  FL
"New: Crash in Bay on US-231 north at Camp Flowers Rd and traffic backed up until beyond CR-2301, all lanes...http://fl511.com/EventDetails/District%203-CHP/63552",US-231 north    Bay  FL
"New: Disabled vehicle in Escambia on Pensacola Bay Bridge south at Pensacola Bay Bridge, right lane blocked. Last...http://fl511.com/EventDetails/District%203-CHP/63553",    Escambia  FL
A Hurricane Warning is in effect for multiple counties in Northwest Florida. http://fl511.com/List/Alerts,"    effect, Northwest  FL"
"Cleared: Object on roadway in Jackson on I-10 west at MM 141, right lane blocked. Last updated at 02:08:53PM.",  Interstate 10 west Mile Marker 141 Jackson  FL
"New: Object on roadway in Jackson on I-10 west at MM 141, right lane blocked. Last updated at 02:08:53PM. #fl511 http://fl511.com/EventDetails/District%203-CHP/63500",  Interstate 10 west Mile Marker 141 Jackson  FL
"Cleared: Object on roadway in Escambia on I-10 east beyond MM 17 - Escambia Bay Bridge, center lane blocked. Last updated at 01:55:27PM.",  Interstate 10 east Mile Marker 17 Escambia  FL
"New: Object on roadway in Escambia on I-10 east beyond MM 17 - Escambia Bay Bridge, center lane blocked. Last...http://fl511.com/EventDetails/District%203-CHP/63498",  Interstate 10 east Mile Marker 17 Escambia  FL
There is Police Activity on SR-528 westbound at mile post 8. Motorists should expect ramp closures and delays. http://fl511.com/List/Alerts, State Route     FL
"I-10: Due to possible High Winds, Motorists are advised to use caution on the Blackwater River Bridge near Mile...http://fl511.com/List/Alerts", the Blackwater     FL
"I-10: Due to possible High Winds, Motorists are advised to use caution on the Escambia Bay Bridge near Mile...http://fl511.com/List/Alerts", the Escambia     FL
"Updated: Crash involving a tractor-trailer in Jackson on US-231 south beyond SR-2, right lane blocked. Last...http://fl511.com/EventDetails/District%203-CHP/63485",US-231 south    Jackson  FL
"Updated: Crash in Jackson on US-231 south beyond SR-2, right lane blocked. Last updated at 10:53:47AM. http://fl511.com/EventDetails/District%203-CHP/63485",US-231 south    Jackson  FL
Updated: Crash in Jackson on US-231 south beyond SR-2. Last updated at 10:52:53AM. http://fl511.com/EventDetails/District%203-CHP/63485,US-231 south    Jackson  FL
"Updated: Crash in Jackson on US-231 north beyond CR-162 /Jacob Rd, right lane blocked. Last updated at 10:50:31AM. http://fl511.com/EventDetails/District%203-CHP/63485",US-231 north    Jackson  FL
"New: Crash in Jackson on US-231 north beyond CR-162 /Jacob Rd, right lane blocked. Last updated at 10:48:23AM....http://fl511.com/EventDetails/District%203-CHP/63485",US-231 north    Jackson  FL
"Cleared: Object on roadway in Okaloosa on I-10 east at MM 48, right lane blocked. Last updated at 08:34:15AM.",  Interstate 10 east Mile Marker 48 Okaloosa  FL
"New: Object on roadway in Okaloosa on I-10 east at MM 48, right lane blocked. Last updated at 08:34:15AM. #fl511 http://fl511.com/EventDetails/District%203-CHP/63473",  Interstate 10 east Mile Marker 48 Okaloosa  FL
".Due to a crash in Flagler County, I-95 SB at MM 289/Palm Coast Pkwy, all lanes are blocked. Motorists are being...http://fl511.com/List/Alerts",  Interstate 95 southbound Mile Marker 289 Flagler  FL
"Cleared: Planned construction in Jackson on I-10 west at MM 160, left lane blocked. Last updated at 04:01:08AM.",  Interstate 10 west Mile Marker 160 Jackson  FL
"Cleared: Planned construction in Gadsden on I-10 west at MM 175, left lane blocked. Last updated at 04:00:58AM.",  Interstate 10 west Mile Marker 175 Gadsden  FL
"Updated: Planned construction in Gadsden on I-10 west at MM 175, left lane blocked. Last updated at 04:00:58AM. http://fl511.com/EventDetails/District%203-CHP/63428",  Interstate 10 west Mile Marker 175 Gadsden  FL
"Updated: Planned construction in Jackson on I-10 west at MM 160, left lane blocked. Last updated at 04:01:08AM. http://fl511.com/EventDetails/District%203-CHP/63430",  Interstate 10 west Mile Marker 160 Jackson  FL
"Updated: Planned construction in Jackson on I-10 west at MM 160, left lane blocked. Last updated at 03:23:48AM. http://fl511.com/EventDetails/District%203-CHP/63430",  Interstate 10 west Mile Marker 160 Jackson  FL
"Cleared: Disabled vehicle in Santa Rosa on I-10 west at Exit 28 /Ward Basin Rd, left lane blocked. Last updated at 01:47:00AM.","  Interstate 10 west Rd, left lane Santa Rosa  FL"
"Updated: Planned construction in Gadsden on I-10 west at MM 175, left lane blocked. Last updated at 02:00:39AM. http://fl511.com/EventDetails/District%203-CHP/63428",  Interstate 10 west Mile Marker 175 Gadsden  FL
"Updated: Planned construction in Jackson on I-10 west at MM 160, left lane blocked. Last updated at 02:00:48AM. http://fl511.com/EventDetails/District%203-CHP/63430",  Interstate 10 west Mile Marker 160 Jackson  FL
A Silver Alert has been issued for David Monington out of Jacksonville. Look for a 2012 Silver Toyota Avalon Fl...http://fl511.com/List/Alerts, Jacksonville.     FL
"Cleared: Disabled vehicle in Santa Rosa on I-10 west at Exit 28 /Ward Basin Rd, left lane blocked. Last updated at 01:53:40AM.","  Interstate 10 west Rd, left lane Santa Rosa  FL"
"New: Disabled vehicle in Santa Rosa on I-10 west at Exit 28 /Ward Basin Rd, left lane blocked. Last updated at...http://fl511.com/EventDetails/District%203-CHP/63443","  Interstate 10 west Rd, left lane Santa Rosa  FL"
"New: Disabled vehicle in Santa Rosa on I-10 west at Exit 28 /Ward Basin Rd, left lane blocked. Last updated at...http://fl511.com/EventDetails/District%203-CHP/63441","  Interstate 10 west Rd, left lane Santa Rosa  FL"
A Silver Alert has been issued for Donald Coleman out of West Melbourne. Look for a 2000 Green Saturn Station...http://fl511.com/List/Alerts, West Melbourne     FL
"New: Planned construction in Gadsden on I-10 east at MM 175, right lane blocked. Last updated at 12:23:58AM. #fl511 http://fl511.com/EventDetails/District%203-CHP/63439",  Interstate 10 east Mile Marker 175 Gadsden  FL
"Updated: Planned construction in Gadsden on I-10 west at MM 175, left lane blocked. Last updated at 12:00:37AM. http://fl511.com/EventDetails/District%203-CHP/63428",  Interstate 10 west Mile Marker 175 Gadsden  FL
"Updated: Planned construction in Jackson on I-10 west at MM 160, left lane blocked. Last updated at 12:00:58AM. http://fl511.com/EventDetails/District%203-CHP/63430",  Interstate 10 west Mile Marker 160 Jackson  FL
I-10: A major incident has closed all Westbound lanes in Santa Rosa County. Motorists are advised to expect...http://fl511.com/List/Alerts, Santa Rosa     FL
"Updated: Crash in Santa Rosa on I-10 west at MM 27 /Blackwater Bridge, all lanes blocked. Last updated at...http://fl511.com/EventDetails/District%203-CHP/63429",  Interstate 10 west Mile Marker 27 Santa Rosa  FL
A Silver Alert has been issued for John Schmidt out of Port Orange. Look for a 2016 Red Ford Fusion Fl Tag SAU81....http://fl511.com/List/Alerts, John Schmidt out     FL
"Updated: Planned construction in Jackson on I-10 west at MM 160, left lane blocked. Last updated at 11:01:30PM. http://fl511.com/EventDetails/District%203-CHP/63430",  Interstate 10 west Mile Marker 160 Jackson  FL
"Updated: Planned construction in Gadsden on I-10 west at MM 175, left lane blocked. Last updated at 11:01:06PM. http://fl511.com/EventDetails/District%203-CHP/63428",  Interstate 10 west Mile Marker 175 Gadsden  FL
"Updated: Planned construction in Gadsden on I-10 west at MM 175, left lane blocked. Last updated at 10:06:48PM. http://fl511.com/EventDetails/District%203-CHP/63428",  Interstate 10 west Mile Marker 175 Gadsden  FL
"New: Planned construction in Jackson on I-10 west at MM 160, left lane blocked. Last updated at 09:49:18PM. #fl511 http://fl511.com/EventDetails/District%203-CHP/63430",  Interstate 10 west Mile Marker 160 Jackson  FL
"Updated: Crash in Santa Rosa on I-10 west at MM 27 /Blackwater Bridge, right lane blocked. Last updated at...http://fl511.com/EventDetails/District%203-CHP/63429",  Interstate 10 west Mile Marker 27 Santa Rosa  FL
"Updated: Planned construction in Gadsden on I-10 west at MM 175, left lane blocked. Last updated at 09:39:41PM. http://fl511.com/EventDetails/District%203-CHP/63428",  Interstate 10 west Mile Marker 175 Gadsden  FL
"New: Planned construction in Gadsden on I-10 east at MM 175, left lane blocked. Last updated at 08:18:47PM. #fl511 http://fl511.com/EventDetails/District%203-CHP/63428",  Interstate 10 east Mile Marker 175 Gadsden  FL
"Cleared: Crash in Holmes on SR-79 south at I-10, right lane blocked. Last updated at 12:13:43PM.",  State Route 79 south  Holmes  FL
"Updated: Crash in Holmes on SR-79 south at I-10, right lane blocked. Last updated at 12:13:43PM. http://fl511.com/EventDetails/District%203-CHP/63400",  State Route 79 south  Holmes  FL
"An AMBER ALERT has been issued on Na'Tori Mazion out of Sanford. Look for a 2017 red Nissan Altima, FL Tag 4ALWY...http://fl511.com/List/Alerts", Na'Tori Mazion     FL
"Cleared: Disabled vehicle in Escambia on Pensacola Bay Bridge south at Pensacola Bay Bridge, right lane blocked. Last updated at 10:56:51AM.",    Escambia  FL
"New: Disabled vehicle in Escambia on Pensacola Bay Bridge south at Pensacola Bay Bridge, right lane blocked. Last...http://fl511.com/EventDetails/District%203-CHP/63394",    Escambia  FL
Convoy moving East through Leon County on I-10. Drivers should use caution. http://fl511.com/List/Alerts,  Interstate 10.  County  FL
"Cleared: Crash in Bay on US-231 south at CR-388, right lane blocked. Last updated at 02:40:13AM.",US-231 south    Bay  FL
"New: Crash in Bay on US-231 south at CR-388, right lane blocked. Last updated at 02:40:13AM. #fl511 http://fl511.com/EventDetails/District%203-CHP/63371",US-231 south    Bay  FL
"Cleared: Object on roadway in Gadsden on I-10 west ramp from Exit 166 /CR-270A, on-ramp closed. Last updated at 12:20:29AM.",  Interstate 10 west Exit 166 Gadsden  FL
"New: Object on roadway in Gadsden on I-10 west ramp from Exit 166 /CR-270A, on-ramp closed. Last updated at...http://fl511.com/EventDetails/District%203-CHP/63363",  Interstate 10 west Exit 166 Gadsden  FL
"Updated: Disabled vehicle in Gadsden on I-10 west at MM 163 and traffic backed up until MM 165, all lanes...http://fl511.com/EventDetails/District%203-CHP/63337","  Interstate 10 west Mile Marker 163 Gadsden, 165  FL"
"Updated: Disabled vehicle in Gadsden on I-10 west at MM 163, all lanes blocked. Last updated at 02:40:29PM. http://fl511.com/EventDetails/District%203-CHP/63337",  Interstate 10 west Mile Marker 163 Gadsden  FL
"Cleared: Multi-vehicle crash in Gadsden on I-10 east at MM 184 and traffic backed up until Exit 181 /SR-267, left lane blocked. Last...","  Interstate 10 east Mile Marker 184 Gadsden, 267  FL"
"Updated: Multi-vehicle crash in Jackson on US-231 south beyond I-10, left shoulder blocked. Last updated at...http://fl511.com/EventDetails/District%203-CHP/63283",US-231 south  Interstate 10  Jackson  FL
"Cleared: Disabled vehicle in Holmes on I-10 west at MM 115, left lane blocked. Last updated at 07:21:36PM.",  Interstate 10 west Mile Marker 115 Holmes  FL
"Updated: Disabled vehicle in Holmes on I-10 west at MM 115, left lane blocked. Last updated at 07:21:36PM. http://fl511.com/EventDetails/District%203-CHP/63287",  Interstate 10 west Mile Marker 115 Holmes  FL
"Updated: Disabled vehicle in Holmes on I-10 west at MM 115, left lane blocked. Last updated at 07:19:34PM. http://fl511.com/EventDetails/District%203-CHP/63287",  Interstate 10 west Mile Marker 115 Holmes  FL
"Updated: Disabled vehicle in Holmes on I-10 west at MM 115, left lane blocked. Last updated at 07:14:54PM. http://fl511.com/EventDetails/District%203-CHP/63287",  Interstate 10 west Mile Marker 115 Holmes  FL
"New: Crash in Jackson on US-231 north at Alabama State Line, right lane blocked. Last updated at 07:04:51PM. #fl511 http://fl511.com/EventDetails/District%203-CHP/63288",US-231 north    Jackson  FL
"Updated: Crash in Holmes on I-10 west at MM 115, left lane blocked. Last updated at 07:02:39PM. http://fl511.com/EventDetails/District%203-CHP/63287",  Interstate 10 west Mile Marker 115 Holmes  FL
"New: Crash in Holmes on I-10 west at MM 115, left lane blocked. Last updated at 07:02:04PM. #fl511 http://fl511.com/EventDetails/District%203-CHP/63287",  Interstate 10 west Mile Marker 115 Holmes  FL
"New: Crash in Jackson on US-231 south beyond I-10, left lane blocked. Last updated at 06:18:10PM. #fl511 http://fl511.com/EventDetails/District%203-CHP/63283",US-231 south  Interstate 10  Jackson  FL
"New: Multi-vehicle crash in Gadsden on I-10 east at MM 184 and traffic backed up until Exit 181 /SR-267, left...http://fl511.com/EventDetails/District%203-CHP/63277",  Interstate 10 east Mile Marker 184 Gadsden  FL
Looking forward to experiencing waves of adventures at the Pirates of the High Seas Fest? Use #FL511 to help you sail ahead of the traffic., the traffic   Fest  FL
"Cleared: Vehicle on fire in Gadsden on I-10 west at Exit 181 /SR-267, right lane blocked. Last updated at 09:58:47AM.","  Interstate 10 west Exit 181 Gadsden, 267  FL"
"Updated: Vehicle on fire in Gadsden on I-10 west at Exit 181 /SR-267, right lane blocked. Last updated at...http://fl511.com/EventDetails/District%203-CHP/63227","  Interstate 10 west Exit 181 Gadsden, 267  FL"
"Updated: Vehicle on fire in Gadsden on I-10 west at Exit 181 /SR-267 and traffic backed up until MM 183, right...http://fl511.com/EventDetails/District%203-CHP/63227","  Interstate 10 west, right...http://fl511.com/EventDetails/District%203-CHP/63227 Exit 181 Gadsden, 183  FL"
Updated: Crash involving a tractor-trailer in Gadsden on I-10 west at Exit 181 /SR-267 and traffic backed up...http://fl511.com/EventDetails/District%203-CHP/63227,  Interstate 10 west Exit 181 Gadsden  FL
"Cleared: Bridge maintenance operations in Escambia on Pensacola Bay Bridge south at Pensacola Bay Bridge, left lane blocked. Last...",    Escambia  FL
"Updated: Crash involving a tractor-trailer in Gadsden on I-10 west at Exit 181 /SR-267, all lanes blocked. Last...http://fl511.com/EventDetails/District%203-CHP/63227","  Interstate 10 west Exit 181 Gadsden, 267  FL"
I-10: A major incident has closed all Westbound lanes in Gadsden County. Motorists are advised to expect delays...http://fl511.com/List/Alerts,    Gadsden  FL
"New: Crash in Gadsden on I-10 west at MM 182, all lanes blocked. Last updated at 07:20:14AM. #fl511 http://fl511.com/EventDetails/District%203-CHP/63227",  Interstate 10 west Mile Marker 182 Gadsden  FL
"Cleared: Planned construction in Washington on I-10 west at Exit 120 /SR-77, right lane blocked. Last updated at 04:51:57AM.","  Interstate 10 west Exit 120 Washington, 77  FL"
"Cleared: Planned construction in Gadsden on I-10 west at MM 178, left lane blocked. Last updated at 04:36:45AM.",  Interstate 10 west Mile Marker 178 Gadsden  FL
"Updated: Planned construction in Gadsden on I-10 west at MM 178, left lane blocked. Last updated at 04:36:45AM. http://fl511.com/EventDetails/District%203-CHP/63183",  Interstate 10 west Mile Marker 178 Gadsden  FL
"Cleared: Planned construction in Washington on I-10 east at Exit 120 /SR-77, right lane blocked. Last updated at 11:56:16PM.","  Interstate 10 east Exit 120 Washington, 77  FL"
"Cleared: Crash in Gadsden on I-10 east at Exit 166 /CR-270A, left lane blocked. Last updated at 12:32:21AM.","  Interstate 10 east Exit 166 Gadsden, 270A  FL"
"Updated: Crash in Gadsden on I-10 east at Exit 166 /CR-270A, left lane blocked. Last updated at 12:32:21AM. http://fl511.com/EventDetails/District%203-CHP/63201","  Interstate 10 east Exit 166 Gadsden, 270A  FL"
"Updated: Planned construction in Gadsden on I-10 west at MM 178, left lane blocked. Last updated at 11:38:58PM. http://fl511.com/EventDetails/District%203-CHP/63183",  Interstate 10 west Mile Marker 178 Gadsden  FL
"Updated: Planned construction in Gadsden on I-10 west at MM 178, left lane blocked. Last updated at 11:19:28PM. http://fl511.com/EventDetails/District%203-CHP/63183",  Interstate 10 west Mile Marker 178 Gadsden  FL
"Updated: Planned construction in Washington on I-10 east at Exit 120 /SR-77, right lane blocked. Last updated at...http://fl511.com/EventDetails/District%203-CHP/63190","  Interstate 10 east Exit 120 Washington, 77  FL"
"Updated: Planned construction in Washington on I-10 west at Exit 120 /SR-77, right lane blocked. Last updated at...http://fl511.com/EventDetails/District%203-CHP/63189","  Interstate 10 west Exit 120 Washington, 77  FL"
"Updated: Planned construction in Gadsden on I-10 west at MM 178, left lane blocked. Last updated at 10:26:49PM. http://fl511.com/EventDetails/District%203-CHP/63183",  Interstate 10 west Mile Marker 178 Gadsden  FL
"Updated: Planned construction in Gadsden on I-10 west at MM 173, right lane blocked. Last updated at 10:27:00PM. http://fl511.com/EventDetails/District%203-CHP/63184",  Interstate 10 west Mile Marker 173 Gadsden  FL
"New: Planned construction in Washington on I-10 east at Exit 120 /SR-77, right lane blocked. Last updated at...http://fl511.com/EventDetails/District%203-CHP/63190","  Interstate 10 east Exit 120 Washington, 77  FL"
"New: Planned construction in Washington on I-10 west at Exit 120 /SR-77, right lane blocked. Last updated at...http://fl511.com/EventDetails/District%203-CHP/63189","  Interstate 10 west Exit 120 Washington, 77  FL"
"New: Planned construction in Gadsden on I-10 west at MM 173, right lane blocked. Last updated at 08:43:18PM. #fl511 http://fl511.com/EventDetails/District%203-CHP/63184",  Interstate 10 west Mile Marker 173 Gadsden  FL
"New: Planned construction in Gadsden on I-10 west at MM 178, left lane blocked. Last updated at 08:40:40PM. #fl511 http://fl511.com/EventDetails/District%203-CHP/63183",  Interstate 10 west Mile Marker 178 Gadsden  FL
"New: Bridge maintenance operations in Escambia on Pensacola Bay Bridge south at Pensacola Bay Bridge, left lane...http://fl511.com/EventDetails/District%203-CHP/63182",    Escambia  FL
"Updated: Crash in Santa Rosa on I-10 west at MM 36, all lanes blocked. Last updated at 08:32:37PM. http://fl511.com/EventDetails/District%203-CHP/63180",  Interstate 10 west Mile Marker 36 Santa Rosa  FL
"Updated: Crash in Santa Rosa on I-10 east at MM 36, all lanes blocked. Last updated at 08:10:57PM. http://fl511.com/EventDetails/District%203-CHP/63177",  Interstate 10 east Mile Marker 36 Santa Rosa  FL
I-10: A major incident has closed all Eastbound lanes in Santa Rosa County. Motorists are advised to expect...http://fl511.com/List/Alerts, Santa Rosa     FL
"New: Crash in Santa Rosa on I-10 west at MM 36, all lanes blocked. Last updated at 08:07:46PM. #fl511 http://fl511.com/EventDetails/District%203-CHP/63180",  Interstate 10 west Mile Marker 36 Santa Rosa  FL
"Updated: Crash in Santa Rosa on I-10 east at MM 36, all lanes blocked. Last updated at 08:02:11PM. http://fl511.com/EventDetails/District%203-CHP/63177",  Interstate 10 east Mile Marker 36 Santa Rosa  FL
"Updated: Crash in Santa Rosa on I-10 east at MM 36, all lanes blocked. Last updated at 08:00:02PM. http://fl511.com/EventDetails/District%203-CHP/63177",  Interstate 10 east Mile Marker 36 Santa Rosa  FL
"Cleared: Object on roadway in Washington on I-10 west before Exit 120 /SR-77, left lane blocked. Last updated at 07:13:51PM.",  Interstate 10 west Route 77 Washington  FL
"New: Object on roadway in Washington on I-10 west before Exit 120 /SR-77, left lane blocked. Last updated at...http://fl511.com/EventDetails/District%203-CHP/63172",  Interstate 10 west Route 77 Washington  FL
"Updated: Crash in Gadsden on I-10 west at MM 188, left lane blocked. Last updated at 01:55:01PM. http://fl511.com/EventDetails/District%203-CHP/63119",  Interstate 10 west Mile Marker 188 Gadsden  FL
"Updated: Multi-vehicle crash in Okaloosa on SR-85 south before I-10, right lane blocked. Last updated at 08:47:00AM. http://fl511.com/EventDetails/District%203-CHP/63094","  State Route 85 south, Interstate 10  Okaloosa  FL"
"New: Crash in Okaloosa on SR-85 south before I-10, right lane blocked. Last updated at 08:35:10AM. #fl511 http://fl511.com/EventDetails/District%203-CHP/63094","  State Route 85 south, Interstate 10  Okaloosa  FL"
"Cleared: Planned construction in Washington on I-10 east at MM 117, right lane blocked. Last updated at 04:17:34AM.",  Interstate 10 east Mile Marker 117 Washington  FL
"Cleared: Planned construction in Gadsden on I-10 west at Exit 181 /SR-267, left lane blocked. Last updated at 05:00:49AM.","  Interstate 10 west Exit 181 Gadsden, 267  FL"
"Updated: Crash in Washington on I-10 west at MM 117, left lane blocked. Last updated at 05:46:44AM. http://fl511.com/EventDetails/District%203-CHP/63080",  Interstate 10 west Mile Marker 117 Washington  FL
"Cleared: Bridge maintenance operations in Escambia on Pensacola Bay Bridge south at Pensacola Bay Bridge, left lane blocked. Last...",    Escambia  FL
"Cleared: Planned construction in Gadsden on I-10 west at MM 173, right lane blocked. Last updated at 02:37:58AM.",  Interstate 10 west Mile Marker 173 Gadsden  FL
"Cleared: Planned construction in Jackson on I-10 east at MM 156, left lane blocked. Last updated at 02:38:34AM.",  Interstate 10 east Mile Marker 156 Jackson  FL
"Cleared: Planned construction in Escambia on I-10 west at Exit 12 (I-110), right lane blocked. Last updated at 04:00:49AM.",  Interstate 10 west Exit 12 Escambia  FL
"Updated: Planned construction in Washington on I-10 east at MM 117, right lane blocked. Last updated at 04:17:34AM. http://fl511.com/EventDetails/District%203-CHP/63064",  Interstate 10 east Mile Marker 117 Washington  FL
"Updated: Planned construction in Escambia on I-10 west at Exit 12 (I-110), right lane blocked. Last updated at...http://fl511.com/EventDetails/District%203-CHP/63074",  Interstate 10 west Exit 12 Escambia  FL
"Updated: Planned construction in Jackson on I-10 east at MM 156, left lane blocked. Last updated at 02:38:34AM. http://fl511.com/EventDetails/District%203-CHP/63062",  Interstate 10 east Mile Marker 156 Jackson  FL
"Updated: Planned construction in Gadsden on I-10 west at MM 173, right lane blocked. Last updated at 02:37:58AM. http://fl511.com/EventDetails/District%203-CHP/63058",  Interstate 10 west Mile Marker 173 Gadsden  FL
"Cleared: Planned construction in Gadsden on I-10 east at MM 172, right lane blocked. Last updated at 12:58:45AM.",  Interstate 10 east Mile Marker 172 Gadsden  FL
"Updated: Planned construction in Washington on I-10 east at MM 117, right lane blocked. Last updated at 02:24:52AM. http://fl511.com/EventDetails/District%203-CHP/63064",  Interstate 10 east Mile Marker 117 Washington  FL
"Updated: Planned construction in Gadsden on I-10 west at MM 173, right lane blocked. Last updated at 01:58:19AM. http://fl511.com/EventDetails/District%203-CHP/63058",  Interstate 10 west Mile Marker 173 Gadsden  FL
"New: Planned construction in Escambia on I-10 west at Exit 12 (I-110), right lane blocked. Last updated at...http://fl511.com/EventDetails/District%203-CHP/63074",  Interstate 10 west Exit 12 Escambia  FL
"Updated: Planned construction in Washington on I-10 east at MM 117, right lane blocked. Last updated at 12:58:47AM. http://fl511.com/EventDetails/District%203-CHP/63064",  Interstate 10 east Mile Marker 117 Washington  FL
"Updated: Planned construction in Gadsden on I-10 east at MM 172, right lane blocked. Last updated at 12:58:45AM. http://fl511.com/EventDetails/District%203-CHP/63067",  Interstate 10 east Mile Marker 172 Gadsden  FL
"Cleared: Planned construction in Escambia on I-10 west at MM 16, right lane blocked. Last updated at 12:10:07AM.",  Interstate 10 west Mile Marker 16 Escambia  FL
"Updated: Planned construction in Jackson on I-10 east at MM 156, left lane blocked. Last updated at 12:56:59AM. http://fl511.com/EventDetails/District%203-CHP/63062",  Interstate 10 east Mile Marker 156 Jackson  FL
"New: Planned construction in Escambia on I-10 west at MM 16, right lane blocked. Last updated at 12:10:07AM. #fl511 http://fl511.com/EventDetails/District%203-CHP/63072",  Interstate 10 west Mile Marker 16 Escambia  FL
"Cleared: Disabled vehicle in Santa Rosa on Pensacola Bay Bridge north at Pensacola Bay Bridge, right lane blocked. Last updated at...",    Santa Rosa  FL
"New: Disabled vehicle in Santa Rosa on Pensacola Bay Bridge north at Pensacola Bay Bridge, right lane blocked....http://fl511.com/EventDetails/District%203-CHP/63068",    Santa Rosa  FL
"Updated: Planned construction in Jackson on I-10 east at MM 156, left lane blocked. Last updated at 10:57:29PM. http://fl511.com/EventDetails/District%203-CHP/63062",  Interstate 10 east Mile Marker 156 Jackson  FL
"Updated: Planned construction in Washington on I-10 east at MM 117, right lane blocked. Last updated at 10:57:42PM. http://fl511.com/EventDetails/District%203-CHP/63064",  Interstate 10 east Mile Marker 117 Washington  FL
"Updated: Planned construction in Gadsden on I-10 east at MM 172, right lane blocked. Last updated at 10:26:17PM. http://fl511.com/EventDetails/District%203-CHP/63067",  Interstate 10 east Mile Marker 172 Gadsden  FL
"New: Planned construction in Gadsden on I-10 east at MM 172, right lane blocked. Last updated at 10:25:53PM. #fl511 http://fl511.com/EventDetails/District%203-CHP/63067",  Interstate 10 east Mile Marker 172 Gadsden  FL
"Cleared: Planned construction in Washington on I-10 east at MM 117, right lane blocked. Last updated at 09:17:23PM.",  Interstate 10 east Mile Marker 117 Washington  FL
"New: Planned construction in Washington on I-10 east at MM 117, right lane blocked. Last updated at 09:21:26PM....http://fl511.com/EventDetails/District%203-CHP/63064",  Interstate 10 east Mile Marker 117 Washington  FL
"Updated: Planned construction in Washington on I-10 east at MM 117, right lane blocked. Last updated at 09:17:23PM. http://fl511.com/EventDetails/District%203-CHP/63063",  Interstate 10 east Mile Marker 117 Washington  FL
"New: Planned construction in Washington on I-10 east at MM 117, right lane blocked. Last updated at 09:17:00PM....http://fl511.com/EventDetails/District%203-CHP/63063",  Interstate 10 east Mile Marker 117 Washington  FL
"Updated: Planned construction in Gadsden on I-10 west at Exit 174 /SR-12, right lane blocked. Last updated at...http://fl511.com/EventDetails/District%203-CHP/63058","  Interstate 10 west Exit 174 Gadsden, 12  FL"
"New: Bridge maintenance operations in Escambia on Pensacola Bay Bridge south at Pensacola Bay Bridge, left lane...http://fl511.com/EventDetails/District%203-CHP/63060",    Escambia  FL
"Updated: Planned construction in Gadsden on I-10 west at Exit 181 /SR-267, left lane blocked. Last updated at...http://fl511.com/EventDetails/District%203-CHP/63059","  Interstate 10 west Exit 181 Gadsden, 267  FL"
"New: Planned construction in Gadsden on I-10 west at Exit 181 /SR-267, left lane blocked. Last updated at...http://fl511.com/EventDetails/District%203-CHP/63059","  Interstate 10 west Exit 181 Gadsden, 267  FL"
"New: Planned construction in Gadsden on I-10 west at Exit 174 /SR-12, right lane blocked. Last updated at...http://fl511.com/EventDetails/District%203-CHP/63058","  Interstate 10 west Exit 174 Gadsden, 12  FL"
"Cleared: Object on roadway in Bay on US-231 north beyond SR-20, right lane blocked. Last updated at 06:10:14PM.",US-231 north    Bay  FL
"Cleared: Disabled vehicle in Bay on US-231 south before SR-20, right shoulder blocked. Last updated at 06:20:55PM.",US-231 south    Bay  FL
"New: Disabled vehicle in Bay on US-231 south before SR-20, right shoulder blocked. Last updated at 06:20:55PM....http://fl511.com/EventDetails/District%203-CHP/63053",US-231 south    Bay  FL
"Cleared: Disabled vehicle in Bay on US-231 north at Camp Flowers Rd, right shoulder blocked. Last updated at 05:50:28PM.",US-231 north    Bay  FL
"Updated: Object on roadway in Bay on US-231 north beyond SR-20, right lane blocked. Last updated at 06:10:14PM. http://fl511.com/EventDetails/District%203-CHP/63050",US-231 north    Bay  FL
"Updated: Object on roadway in Bay on US-231 north beyond SR-20, right lane blocked. Last updated at 06:09:30PM. http://fl511.com/EventDetails/District%203-CHP/63050",US-231 north    Bay  FL
"New: Object on roadway in Bay on US-231 north beyond SR-20, right lane blocked. Last updated at 06:06:03PM. #fl511 http://fl511.com/EventDetails/District%203-CHP/63050",US-231 north    Bay  FL
"New: Disabled vehicle in Bay on US-231 north at Camp Flowers Rd, right shoulder blocked. Last updated at...http://fl511.com/EventDetails/District%203-CHP/63049",US-231 north    Bay  FL
"Updated: Object on roadway in Walton on I-10 west at MM 80, right lane blocked. Last updated at 04:51:23PM. http://fl511.com/EventDetails/District%203-CHP/63042",  Interstate 10 west Mile Marker 80 Walton  FL
"New: Object on roadway in Walton on I-10 west at MM 80, right lane blocked. Last updated at 04:48:37PM. #fl511 http://fl511.com/EventDetails/District%203-CHP/63042",  Interstate 10 west Mile Marker 80 Walton  FL
"Cleared: Object on roadway in Okaloosa on I-10 east ramp to Exit 45 /Holt, off-ramp closed. Last updated at 04:34:51PM.",  Interstate 10 east Exit 45 /Holt Okaloosa  FL
"New: Object on roadway in Okaloosa on I-10 east ramp to Exit 45 /Holt, off-ramp closed. Last updated at...http://fl511.com/EventDetails/District%203-CHP/63040",  Interstate 10 east Exit 45 /Holt Okaloosa  FL
"Cleared: Object on roadway in Walton on I-10 west at MM 75, left lane blocked. Last updated at 02:48:31PM.",  Interstate 10 west Mile Marker 75 Walton  FL
"New: Object on roadway in Walton on I-10 west at MM 75, left lane blocked. Last updated at 02:48:31PM. #fl511 http://fl511.com/EventDetails/District%203-CHP/63027",  Interstate 10 west Mile Marker 75 Walton  FL
"Cleared: Object on roadway in Walton on I-10 west at MM 74, right lane blocked. Last updated at 09:56:29AM.",  Interstate 10 west Mile Marker 74 Walton  FL
"New: Object on roadway in Walton on I-10 west at MM 74, right lane blocked. Last updated at 09:56:29AM. #fl511 http://fl511.com/EventDetails/District%203-CHP/62998",  Interstate 10 west Mile Marker 74 Walton  FL
"Cleared: Planned construction in Escambia on I-110 north ramp from Exit 1, on-ramp closed. Last updated at 06:52:14AM.","  Interstate 110, on-ramp  Escambia, 1  FL"
"Cleared: Planned construction in Holmes on I-10 east at MM 115, right lane blocked. Last updated at 03:09:06AM.",  Interstate 10 east Mile Marker 115 Holmes  FL
"Cleared: Planned construction in Santa Rosa on I-10 east at MM 21, right lane blocked. Last updated at 05:36:41AM.",  Interstate 10 east Mile Marker 21 Santa Rosa  FL
"Cleared: Planned construction in Jackson on I-10 west at MM 154, left lane blocked. Last updated at 03:41:05AM.",  Interstate 10 west Mile Marker 154 Jackson  FL
Cleared: Planned construction in Gadsden on I-10 west at Exit 181 /SR-267. Last updated at 02:43:09AM.,  Interstate 10 west Exit 181 Gadsden  FL
"Updated: Planned construction in Santa Rosa on I-10 east at MM 21, right lane blocked. Last updated at 05:36:41AM. http://fl511.com/EventDetails/District%203-CHP/62965",  Interstate 10 east Mile Marker 21 Santa Rosa  FL
"Updated: Planned construction in Escambia on I-110 north ramp from Exit 1, on-ramp closed. Last updated at...http://fl511.com/EventDetails/District%203-CHP/62972","  Interstate 110, on-ramp  Escambia, 1  FL"
"Updated: Planned construction in Santa Rosa on I-10 east at MM 21, right lane blocked. Last updated at 04:04:10AM. http://fl511.com/EventDetails/District%203-CHP/62965",  Interstate 10 east Mile Marker 21 Santa Rosa  FL
"Cleared: Planned construction in Gadsden on I-10 east at Exit 174 /SR-12, right lane blocked. Last updated at 11:05:31PM.","  Interstate 10 east Exit 174 Gadsden, 12  FL"
"Updated: Planned construction in Jackson on I-10 west at MM 154, left lane blocked. Last updated at 03:41:05AM. http://fl511.com/EventDetails/District%203-CHP/62959",  Interstate 10 west Mile Marker 154 Jackson  FL
"Cleared: Planned construction in Washington on I-10 west at MM 116, right lane blocked. Last updated at 03:09:19AM.",  Interstate 10 west Mile Marker 116 Washington  FL
"Updated: Planned construction in Holmes on I-10 east at MM 115, right lane blocked. Last updated at 03:09:06AM. http://fl511.com/EventDetails/District%203-CHP/62960",  Interstate 10 east Mile Marker 115 Holmes  FL
"Updated: Planned construction in Washington on I-10 west at MM 116, right lane blocked. Last updated at 03:09:19AM. http://fl511.com/EventDetails/District%203-CHP/62957",  Interstate 10 west Mile Marker 116 Washington  FL
Updated: Planned construction in Gadsden on I-10 west at Exit 181 /SR-267. Last updated at 02:43:09AM. http://fl511.com/EventDetails/District%203-CHP/62955,  Interstate 10 west Exit 181 Gadsden  FL
Updated: Planned construction in Gadsden on I-10 west at Exit 181 /SR-267. Last updated at 02:42:55AM. http://fl511.com/EventDetails/District%203-CHP/62955,  Interstate 10 west Exit 181 Gadsden  FL
"Cleared: Planned construction in Gadsden on I-10 east at MM 177, left lane blocked. Last updated at 11:25:58PM.",  Interstate 10 east Mile Marker 177 Gadsden  FL
"New: Planned construction in Escambia on I-110 north ramp from Exit 1, on-ramp closed. Last updated at...http://fl511.com/EventDetails/District%203-CHP/62972","  Interstate 110, on-ramp  Escambia, 1  FL"
"Cleared: Bridge maintenance operations in Escambia on Pensacola Bay Bridge south at Pensacola Bay Bridge, right lane blocked. Last...",    Escambia  FL
"Updated: Planned construction in Gadsden on I-10 west at MM 178, left lane blocked. Last updated at 11:27:58PM. http://fl511.com/EventDetails/District%203-CHP/62955",  Interstate 10 west Mile Marker 178 Gadsden  FL
"Updated: Planned construction in Gadsden on I-10 east at MM 177, left lane blocked. Last updated at 11:25:58PM. http://fl511.com/EventDetails/District%203-CHP/62956",  Interstate 10 east Mile Marker 177 Gadsden  FL
"Updated: Planned construction in Gadsden on I-10 west at MM 177, left lane blocked. Last updated at 11:19:01PM. http://fl511.com/EventDetails/District%203-CHP/62955",  Interstate 10 west Mile Marker 177 Gadsden  FL
"Updated: Planned construction in Jackson on I-10 west at MM 154, left lane blocked. Last updated at 11:16:55PM. http://fl511.com/EventDetails/District%203-CHP/62959",  Interstate 10 west Mile Marker 154 Jackson  FL
"Cleared: Planned construction in Escambia on I-110 north at Exit 4 (SR-295 /Fairfield Dr), left lane blocked. Last updated at 10:21:31PM.",  Interstate 110 north  Escambia  FL
"New: Planned construction in Santa Rosa on I-10 east at MM 21, right lane blocked. Last updated at 11:10:10PM....http://fl511.com/EventDetails/District%203-CHP/62965",  Interstate 10 east Mile Marker 21 Santa Rosa  FL
"New: Planned construction in Gadsden on I-10 east at Exit 174 /SR-12, right lane blocked. Last updated at...http://fl511.com/EventDetails/District%203-CHP/62964","  Interstate 10 east Exit 174 Gadsden, 12  FL"
"There is construction on Florida?s Turnpike, northbound at mile post 249 at Osceola Parkway. All lanes are...http://fl511.com/List/Alerts",Florida?s Turnpike    construction  FL
"Updated: Planned construction in Escambia on I-110 north at Exit 4 (SR-295 /Fairfield Dr), left lane blocked....http://fl511.com/EventDetails/District%203-CHP/62953",  Interstate 110 north  Escambia  FL
"Updated: Planned construction in Holmes on I-10 east at MM 115, right lane blocked. Last updated at 10:20:40PM. http://fl511.com/EventDetails/District%203-CHP/62960",  Interstate 10 east Mile Marker 115 Holmes  FL
"Updated: Planned construction in Jackson on I-10 west at MM 154, left lane blocked. Last updated at 10:15:29PM. http://fl511.com/EventDetails/District%203-CHP/62959",  Interstate 10 west Mile Marker 154 Jackson  FL
"Updated: Planned construction in Gadsden on I-10 east at MM 177, right lane blocked. Last updated at 10:15:13PM. http://fl511.com/EventDetails/District%203-CHP/62956",  Interstate 10 east Mile Marker 177 Gadsden  FL
"Updated: Planned construction in Holmes on I-10 east at MM 115, right lane blocked. Last updated at 09:35:31PM. http://fl511.com/EventDetails/District%203-CHP/62960",  Interstate 10 east Mile Marker 115 Holmes  FL
"New: Planned construction in Holmes on I-10 east at MM 115, right lane blocked. Last updated at 09:33:26PM. #fl511 http://fl511.com/EventDetails/District%203-CHP/62960",  Interstate 10 east Mile Marker 115 Holmes  FL
"Updated: Planned construction in Washington on I-10 west at MM 116, right lane blocked. Last updated at 09:31:04PM. http://fl511.com/EventDetails/District%203-CHP/62957",  Interstate 10 west Mile Marker 116 Washington  FL
"New: Planned construction in Jackson on I-10 west at MM 154, left lane blocked. Last updated at 09:31:00PM. #fl511 http://fl511.com/EventDetails/District%203-CHP/62959",  Interstate 10 west Mile Marker 154 Jackson  FL
"New: Planned construction in Gadsden on I-10 east at MM 177, right lane blocked. Last updated at 09:20:22PM. #fl511 http://fl511.com/EventDetails/District%203-CHP/62956",  Interstate 10 east Mile Marker 177 Gadsden  FL
"New: Planned construction in Washington on I-10 west at MM 117, right lane blocked. Last updated at 09:14:35PM....http://fl511.com/EventDetails/District%203-CHP/62957",  Interstate 10 west Mile Marker 117 Washington  FL
"Updated: Planned construction in Gadsden on I-10 west at MM 177, left lane blocked. Last updated at 09:13:49PM. http://fl511.com/EventDetails/District%203-CHP/62955",  Interstate 10 west Mile Marker 177 Gadsden  FL
"New: Planned construction in Gadsden on I-10 west at MM 177, left lane blocked. Last updated at 09:12:51PM. #fl511 http://fl511.com/EventDetails/District%203-CHP/62955",  Interstate 10 west Mile Marker 177 Gadsden  FL
"New: Planned construction in Escambia on I-110 north at Exit 4 (SR-295 /Fairfield Dr), left lane blocked. Last...http://fl511.com/EventDetails/District%203-CHP/62953",  Interstate 110 north  Escambia  FL
"New: Bridge maintenance operations in Escambia on Pensacola Bay Bridge south at Pensacola Bay Bridge, right lane...http://fl511.com/EventDetails/District%203-CHP/62954",    Escambia  FL
"Updated: Crash in Escambia on I-10 east at MM 9, left lane blocked. Last updated at 07:02:01PM. http://fl511.com/EventDetails/District%203-CHP/62948",  Interstate 10 east Mile Marker 9 Escambia  FL
"Updated: Crash in Escambia on I-10 east at MM 9, all lanes blocked. Last updated at 06:46:01PM. http://fl511.com/EventDetails/District%203-CHP/62948",  Interstate 10 east Mile Marker 9 Escambia  FL
"Updated: Crash in Escambia on I-10 east at MM 9, all lanes blocked. Last updated at 06:45:37PM. http://fl511.com/EventDetails/District%203-CHP/62948",  Interstate 10 east Mile Marker 9 Escambia  FL
"Updated: Crash in Escambia on I-10 west at MM 9, all lanes blocked. Last updated at 06:40:29PM. http://fl511.com/EventDetails/District%203-CHP/62948",  Interstate 10 west Mile Marker 9 Escambia  FL
"New: Crash in Escambia on I-10 west at MM 8, right lane blocked. Last updated at 06:31:01PM. #fl511 http://fl511.com/EventDetails/District%203-CHP/62948",  Interstate 10 west Mile Marker 8 Escambia  FL
"Cleared: Object on roadway in Walton on I-10 west before Exit 70 /SR-285, right lane blocked. Last updated at 04:29:16PM.","  Interstate 10 west 285, right lane Walton  FL"
"Updated: Object on roadway in Walton on I-10 west before Exit 70 /SR-285, right lane blocked. Last updated at...http://fl511.com/EventDetails/District%203-CHP/62932","  Interstate 10 west 285, right lane Walton  FL"
"Cleared: Crash in Jackson on SR-71 north before I-10, all lanes blocked. Last updated at 01:09:34PM.",  State Route 71  Jackson  FL
"Cleared: Object on roadway in Jackson on I-10 west at MM 146, left lane blocked. Last updated at 01:24:05PM.",  Interstate 10 west Mile Marker 146 Jackson  FL
A major incident has closed all northbound lanes on SR 71 near I-10 . Motorists are advised to seek an althernate...http://fl511.com/List/Alerts,"  SR 71, Interstate 10 .  lanes  FL"
"Updated: Object on roadway in Jackson on I-10 west at MM 146, left lane blocked. Last updated at 01:24:05PM. http://fl511.com/EventDetails/District%203-CHP/62917",  Interstate 10 west Mile Marker 146 Jackson  FL
"New: Object on roadway in Jackson on I-10 west at MM 146, left lane blocked. Last updated at 01:22:50PM. #fl511 http://fl511.com/EventDetails/District%203-CHP/62917",  Interstate 10 west Mile Marker 146 Jackson  FL
"New: Crash in Jackson on SR-71 south beyond I-10, all lanes blocked. Last updated at 01:15:56PM. #fl511 http://fl511.com/EventDetails/District%203-CHP/62916","  State Route 71 south, Interstate 10  Jackson  FL"
"New: Crash in Jackson on SR-71 north before I-10, all lanes blocked. Last updated at 01:09:34PM. #fl511 http://fl511.com/EventDetails/District%203-CHP/62915",  State Route 71  Jackson  FL
"Cleared: Crash in Jackson on US-231 south beyond I-10, right shoulder blocked. Last updated at 11:38:37AM.",US-231 south  Interstate 10  Jackson  FL
"Updated: Crash in Jackson on US-231 south beyond I-10, right shoulder blocked. Last updated at 11:38:37AM. http://fl511.com/EventDetails/District%203-CHP/62901",US-231 south  Interstate 10  Jackson  FL
"Updated: Crash in Jackson on US-231 south beyond I-10, right shoulder blocked. Last updated at 11:37:40AM. http://fl511.com/EventDetails/District%203-CHP/62901",US-231 south  Interstate 10  Jackson  FL
"Updated: Crash in Jackson on US-231 south beyond I-10, left lane blocked. Last updated at 10:13:37AM. http://fl511.com/EventDetails/District%203-CHP/62901",US-231 south  Interstate 10  Jackson  FL
"Updated: Crash in Jackson on US-231 south beyond I-10, left lane blocked. Last updated at 10:03:07AM. http://fl511.com/EventDetails/District%203-CHP/62901",US-231 south  Interstate 10  Jackson  FL
"Cleared: Planned construction in Washington on I-10 east at MM 118, right lane blocked. Last updated at 06:38:22AM.",  Interstate 10 east Mile Marker 118 Washington  FL
"Updated: Planned construction in Washington on I-10 east at MM 118, right lane blocked. Last updated at 06:38:22AM. http://fl511.com/EventDetails/District%203-CHP/62845",  Interstate 10 east Mile Marker 118 Washington  FL
"Cleared: Planned construction in Escambia on I-110 north at Exit 4 (SR-295 /Fairfield Dr), left lane blocked. Last updated at 03:32:10AM.",  Interstate 110 north  Escambia  FL
"Cleared: Planned construction in Gadsden on I-10 east at MM 172, right lane blocked. Last updated at 04:50:33AM.",  Interstate 10 east Mile Marker 172 Gadsden  FL
"Cleared: Planned construction in Gadsden on I-10 west at MM 161, right lane blocked. Last updated at 11:09:33PM.",  Interstate 10 west Mile Marker 161 Gadsden  FL
"Updated: Planned construction in Gadsden on I-10 east at MM 172, right lane blocked. Last updated at 04:50:33AM. http://fl511.com/EventDetails/District%203-CHP/62838",  Interstate 10 east Mile Marker 172 Gadsden  FL
"New: Planned construction in Escambia on I-110 north at Exit 4 (SR-295 /Fairfield Dr), left lane blocked. Last...http://fl511.com/EventDetails/District%203-CHP/62870",  Interstate 110 north  Escambia  FL
"Cleared: Planned construction in Escambia on I-10 east at Exit 10 (US-29 /Pensacola Blvd), right lane blocked. Last updated at 01:07:29AM.",  Interstate 10 east Exit 10 ( Escambia  FL
"New: Planned construction in Escambia on I-10 east at Exit 10 (US-29 /Pensacola Blvd), right lane blocked. Last...http://fl511.com/EventDetails/District%203-CHP/62861",  Interstate 10 east Exit 10 ( Escambia  FL
"Updated: Planned construction in Washington on I-10 east at MM 118, right lane blocked. Last updated at 11:22:19PM. http://fl511.com/EventDetails/District%203-CHP/62845",  Interstate 10 east Mile Marker 118 Washington  FL
A Silver Alert has been issued for Jocelyn Hyppolite out of Dania Beach. Look for a 2004 Gray Toyota Camry Fl Tag...http://fl511.com/List/Alerts, Dania Beach     FL
"Updated: Planned construction in Gadsden on I-10 west at MM 161, right lane blocked. Last updated at 11:09:33PM. http://fl511.com/EventDetails/District%203-CHP/62843",  Interstate 10 west Mile Marker 161 Gadsden  FL
"Updated: Planned construction in Gadsden on I-10 east at MM 172, right lane blocked. Last updated at 11:09:18PM. http://fl511.com/EventDetails/District%203-CHP/62838",  Interstate 10 east Mile Marker 172 Gadsden  FL
"Updated: Planned construction in Washington on I-10 east at MM 117, right lane blocked. Last updated at 11:09:44PM. http://fl511.com/EventDetails/District%203-CHP/62845",  Interstate 10 east Mile Marker 117 Washington  FL
"There is construction on Florida?s Turnpike, northbound at mile post 249 at Osceola Parkway. All lanes are...http://fl511.com/List/Alerts",Florida?s Turnpike    construction  FL
"New: Planned construction in Washington on I-10 east at MM 117, right lane blocked. Last updated at 09:30:32PM....http://fl511.com/EventDetails/District%203-CHP/62845",  Interstate 10 east Mile Marker 117 Washington  FL
"Updated: Planned construction in Gadsden on I-10 west at MM 161, right lane blocked. Last updated at 09:24:24PM. http://fl511.com/EventDetails/District%203-CHP/62843",  Interstate 10 west Mile Marker 161 Gadsden  FL
"New: Planned construction in Gadsden on I-10 west at MM 161, right lane blocked. Last updated at 09:17:39PM. #fl511 http://fl511.com/EventDetails/District%203-CHP/62843",  Interstate 10 west Mile Marker 161 Gadsden  FL
"New: Planned construction in Gadsden on I-10 east at MM 172, right lane blocked. Last updated at 08:58:58PM. #fl511 http://fl511.com/EventDetails/District%203-CHP/62838",  Interstate 10 east Mile Marker 172 Gadsden  FL
"Cleared: Object on roadway in Holmes on I-10 east at Exit 96 /SR-81, right lane blocked. Last updated at 03:11:41PM.","  Interstate 10 east Exit 96 /State Holmes, 81  FL"
"New: Object on roadway in Holmes on I-10 east at Exit 96 /SR-81, right lane blocked. Last updated at 03:11:41PM....http://fl511.com/EventDetails/District%203-CHP/62806","  Interstate 10 east Exit 96 /State Holmes, 81  FL"
"Cleared: Crash in Escambia on SR-291/Davis Hwy west at Exit 12 (I-110), left lane blocked. Last updated at 09:03:23AM.",  State Route 291  Escambia  FL
"New: Crash in Escambia on SR-291/Davis Hwy west at Exit 12 (I-110), left lane blocked. Last updated at...http://fl511.com/EventDetails/District%203-CHP/62768",  State Route 291  Escambia  FL
Sarasota County: All lanes blocked Northbound beyond mile marker 184 due to a crash. Seek alternate route. http://fl511.com/List/Alerts,    184  FL
"Cleared: Planned construction in Gadsden on I-10 west at MM 179, right lane blocked. Last updated at 05:08:49AM.",  Interstate 10 west Mile Marker 179 Gadsden  FL
"New: Planned construction in Gadsden on I-10 west at MM 179, right lane blocked. Last updated at 05:08:49AM. #fl511 http://fl511.com/EventDetails/District%203-CHP/62756",  Interstate 10 west Mile Marker 179 Gadsden  FL
"Cleared: Planned construction in Gadsden on I-10 west at MM 161, right lane blocked. Last updated at 04:13:42AM.",  Interstate 10 west Mile Marker 161 Gadsden  FL
"Cleared: Planned construction in Escambia on I-110 north beyond Exit 4 (SR-295 /Fairfield Dr), left lane blocked. Last updated at...",  Interstate 110 north  Escambia  FL
"Updated: Planned construction in Gadsden on I-10 west at MM 161, right lane blocked. Last updated at 04:13:42AM. http://fl511.com/EventDetails/District%203-CHP/62729",  Interstate 10 west Mile Marker 161 Gadsden  FL
"Updated: Planned construction in Gadsden on I-10 west at MM 161, right lane blocked. Last updated at 02:10:25AM. http://fl511.com/EventDetails/District%203-CHP/62729",  Interstate 10 west Mile Marker 161 Gadsden  FL
"Updated: Planned construction in Escambia on I-110 north beyond Exit 4 (SR-295 /Fairfield Dr), left lane blocked....http://fl511.com/EventDetails/District%203-CHP/62743",  Interstate 110 north  Escambia  FL
"Cleared: Planned construction in Escambia on I-110 south at Exit 5 (Airport Blvd/SR-296/Brent Ln), left lane blocked. Last updated at...",  Interstate 110 south  Escambia  FL
"Updated: Planned construction in Gadsden on I-10 west at MM 161, right lane blocked. Last updated at 12:14:57AM. http://fl511.com/EventDetails/District%203-CHP/62729",  Interstate 10 west Mile Marker 161 Gadsden  FL
"Updated: Planned construction in Gadsden on I-10 west at MM 161, right lane blocked. Last updated at 12:13:55AM. http://fl511.com/EventDetails/District%203-CHP/62729",  Interstate 10 west Mile Marker 161 Gadsden  FL
"New: Planned construction in Jackson on I-10 west at MM 160, right lane blocked. Last updated at 10:19:40PM. #fl511 http://fl511.com/EventDetails/District%203-CHP/62729",  Interstate 10 west Mile Marker 160 Jackson  FL
"Updated: Planned construction in Escambia on I-110 south at Exit 5 (Airport Blvd/SR-296/Brent Ln), left lane...http://fl511.com/EventDetails/District%203-CHP/62728",  Interstate 110 south  Escambia  FL
"New: Planned construction in Escambia on I-110 south at Exit 5 (Airport Blvd/SR-296/Brent Ln), left lane blocked....http://fl511.com/EventDetails/District%203-CHP/62728",  Interstate 110 south  Escambia  FL
