id,tweets,date,location
1229941649750593537,"RT @Earth_Media_: @ClimateDepot @scottpwaldman Marc, how about you &amp; a bunch of your pals to agree to live on a waterfront property on theâ€¦",2020-02-19 01:31:55,
1229941041333141505,RT @FLSERT: Recovery Highlight &gt;&gt; The Bay County Private Property Debris Removal Program has officially begun. The program assists propertyâ€¦,2020-02-19 01:29:30,
1229937346650484736,"RT @BreitbartNews: ""If Michael Bloomberg and everyone like Michael Bloomberg and all the companies they created disappeared tomorrowâ€¦ afterâ€¦",2020-02-19 01:14:49,
1229935816736215040,"@ClimateDepot @scottpwaldman Marc, how about you &amp; a bunch of your pals to agree to live on a waterfront property oâ€¦ https://t.co/lSoYEGCkji",2020-02-19 01:08:44,
1229933709375213568,"RT @BBCEarthAsia: Tonight on #HurricaneMan, join the fearless @iCyclone &amp; his team as they continue tracking one of the most powerful hurriâ€¦",2020-02-19 01:00:22,
1229922575871905792,"KARL ROVEâ€™s HOUSE
        HURRICANE MICHAEL 

      CLOSE, but no cigar https://t.co/zThX3TA2BP",2020-02-19 00:16:07,
1229911507237867520,"https://t.co/KwlBcE9u3J

https://t.co/YBJ8RPhPvC

https://t.co/SKMQRKEyMW

https://t.co/XyIkvXtPyzâ€¦ https://t.co/bq3ubWXbSu",2020-02-18 23:32:08,
1229901609938964481,"10 movies to know me: 

- Babygirl 
- The Pianist 
- Apartment 4B (on Netflix) 
- Think Like A Man 
- Hurricane Biaâ€¦ https://t.co/TM0CLrzLAF",2020-02-18 22:52:48,
1229895750227779586,"RT @NOAADigCoast: The environmental education program at Apalachicola Research Reserve had students plant marsh grass along the shoreline,â€¦",2020-02-18 22:29:31,
1229895265672404993,"RT @Superyachtfan: Pretty photo by Raphael Belly of the @Feadship Hurricane Run

She is owned by Michael Tabor

He has owned several superyâ€¦",2020-02-18 22:27:36,
1229894668873293826,.@DougBroxson: @FarmShareFL's Hurricane Michael relief efforts have long-lasting benefits in the #Panhandleâ€¦ https://t.co/J9ZedP0twN,2020-02-18 22:25:14,
1229894628121419782,.@DougBroxson: @FarmShareFL's Hurricane Michael relief efforts have long-lasting benefits in the #Panhandleâ€¦ https://t.co/dWlWhgCj0L,2020-02-18 22:25:04,
1229889931130101763,RT @byrondobson: Hurricane Michael funding stalemate could cost timber farmers $100 million https://t.co/GNBLZkpklu via @tdonline,2020-02-18 22:06:24,
1229888667793096705,"RT @FLDEO: Tomorrow, DEO will be collecting public input on our #HurricaneMichael state action plan at the Chipola College Culture Center fâ€¦",2020-02-18 22:01:23,
1229888485441536002,"RT @NOAADigCoast: The environmental education program at Apalachicola Research Reserve had students plant marsh grass along the shoreline,â€¦",2020-02-18 22:00:39,
1229886665512099840,Hurricane Michael funding stalemate could cost timber farmers $100 million https://t.co/GNBLZkpklu via @tdonline,2020-02-18 21:53:25,
1229885555065970688,"RT @FLDEO: Tomorrow, DEO will be collecting public input on our #HurricaneMichael state action plan at the Chipola College Culture Center fâ€¦",2020-02-18 21:49:01,
1229885530067865601,"RT @NOAADigCoast: The environmental education program at Apalachicola Research Reserve had students plant marsh grass along the shoreline,â€¦",2020-02-18 21:48:55,
1229883722658271232,"RT @FLDEO: Tomorrow, DEO will be collecting public input on our #HurricaneMichael state action plan at the Chipola College Culture Center fâ€¦",2020-02-18 21:41:44,
1229883317312462848,"Tomorrow, DEO will be collecting public input on our #HurricaneMichael state action plan at the Chipola College Culâ€¦ https://t.co/7e8YYEuukh",2020-02-18 21:40:07,
1229882640741945359,"RT @NOAADigCoast: The environmental education program at Apalachicola Research Reserve had students plant marsh grass along the shoreline,â€¦",2020-02-18 21:37:26,
1229878361100619782,RT @WMBBTV: State officials expressed concern that more than a quarter of the money may go unused as negotiations continue with the U.S. Deâ€¦,2020-02-18 21:20:25,
1229877029622964230,Hurricane Michael funding stalemate could cost timber farmers $100 million https://t.co/ylLZpg1QEx,2020-02-18 21:15:08,
1229873964211679232,Iâ€™ve been working with the owner of gloryshinefarm - a hobby farm in Florida that hosts events welcoming locals toâ€¦ https://t.co/lIQlvov0J6,2020-02-18 21:02:57,
1229873900307308550,"Timber stalemate looms over Hurricane Michael funds. ""The last thing we want to do is send $100 million back to Wasâ€¦ https://t.co/CHhJ99H6RZ",2020-02-18 21:02:42,
1229873873115656192,progressive organizations in traveling Gadsden and Bay County for mutual aid disaster relief in the wake of Hurricaâ€¦ https://t.co/uhL5hCdHye,2020-02-18 21:02:35,
1229873812990287872,"RT @VerizonGreen: ğŸŒ³Tree Recovery this SatğŸŒ³ Join us in Port St. Joe, FL for a community event on Sat, Feb 22 as we plant trees in Lighthouseâ€¦",2020-02-18 21:02:21,
1229872002602799104,The environmental education program at Apalachicola Research Reserve had students plant marsh grass along the shoreâ€¦ https://t.co/y8SoIiYjHt,2020-02-18 20:55:09,
1229870364479631369,RT @PhilAmmann: Land acreage cap is a sticking point in federal reimbursement for timber owners via @Fla_Pol https://t.co/XWdBSIc0Yu #FlaPoâ€¦,2020-02-18 20:48:39,
1229868949216559106,@realjeffwyatt @shockmeparasite @CateDailyBoom @kupfgirl @OfficalTaw @Littleelvis40 @Hurricane_Stacyâ€¦ https://t.co/qNfqDjpOFV,2020-02-18 20:43:02,
1229867589154852866,.@FLDEO is hosting a #HurricaneMichael webinar this Friday in re: disatster recovery funding for residents and commâ€¦ https://t.co/scNuJnwfBN,2020-02-18 20:37:37,
1229866541451284481,"PLEASE RT

@FLDEO is hosting a webinar THIS Friday in re: #HurricaneMichael federal disaster recovery funding for qâ€¦ https://t.co/QSc9rpebAY",2020-02-18 20:33:27,
1229861764789084166,@aedwardslevy @Popehat 2020? Donald J. Trump pardoning Michael Milken makes me  certain that the US TV news from 19â€¦ https://t.co/yV4HbaIzMT,2020-02-18 20:14:29,
1229857521214590981,RT @WMBBTV: State officials expressed concern that more than a quarter of the money may go unused as negotiations continue with the U.S. Deâ€¦,2020-02-18 19:57:37,
1229857305795141635,"@cher Bring it on! 
The Don of Queens 
&amp; St. Michael 
VS 
Manchurian Mini-Mike
&amp; CROSSFIRE HURRICANE HILLARY!",2020-02-18 19:56:46,
1229856556159766531,RT @WMBBTV: State officials expressed concern that more than a quarter of the money may go unused as negotiations continue with the U.S. Deâ€¦,2020-02-18 19:53:47,
1229856272037617665,State officials expressed concern that more than a quarter of the money may go unused as negotiations continue withâ€¦ https://t.co/AvOGTEvAtZ,2020-02-18 19:52:39,
1229852751846412288,"@WlTCHYBLACKCAT Â« hummed, before crossing her her arms over her chest and leaning forward, so her face was mere milâ€¦ https://t.co/pFO7ev48Ef",2020-02-18 19:38:40,
1229844765946122242,Another big Ron DeSantis announcement of money for them yet that money never seems to get there ! ğŸ˜³ğŸ¤¦ğŸ»â€â™€ï¸ğŸ™„Hurricaneâ€¦ https://t.co/zJ5hjWPm03,2020-02-18 19:06:56,
1229840269119328256,"RT @diane_hearus: Hurricane Michael's impact is still crushing families in Panama City, like Rosie's, whose story I captured in this 4-minâ€¦",2020-02-18 18:49:04,
1229838688877793280,RT @domenicadelia22: Dirty cop Comey underhandedly sent a senior member of the team to investigate alleged collusion between Russia and Truâ€¦,2020-02-18 18:42:47,
1229838440935698433,"One more thing, Peter has to be on something to keep picking Victoria. In the span of 5 minutes that girl threw upâ€¦ https://t.co/yzi2rZw7GD",2020-02-18 18:41:48,
1229835606991130624,"five songs to get to know me:

(1) if i believe you â€” the 1975
(2) take care â€” drake
(3) hurricane â€” halsey
(4) blaâ€¦ https://t.co/8N6TDWa6jl",2020-02-18 18:30:32,
1229829769203724294,"RT @BBCEarthAsia: Tonight on #HurricaneMan, join the fearless @iCyclone &amp; his team as they continue tracking one of the most powerful hurriâ€¦",2020-02-18 18:07:20,
1229826349281529856,The club was also closed last year due to damage from Hurricane Michael. https://t.co/lwTfAPjCvy,2020-02-18 17:53:45,
1229824566224134145,"RT @VerizonGreen: ğŸŒ³Tree Recovery this SatğŸŒ³ Join us in Port St. Joe, FL for a community event on Sat, Feb 22 as we plant trees in Lighthouseâ€¦",2020-02-18 17:46:40,
1229823974135205888,@CateDailyBoom @kupfgirl @OfficalTaw @Littleelvis40 @Hurricane_Stacy @Tina14080487 @RockTheseTweets @OuchYOMHâ€¦ https://t.co/P6yjLAN6jw,2020-02-18 17:44:19,
1229823874289864704,@Littleelvis40 @CateDailyBoom @kupfgirl @OfficalTaw @Hurricane_Stacy @Tina14080487 @RockTheseTweets @OuchYOMHâ€¦ https://t.co/6AwIbzlVCg,2020-02-18 17:43:55,
1229821597231374336,Watch â€œRide It Out - Hurricane Michael&amp;#039;s Carnageâ€ on #Vimeo https://t.co/jApPZdmA1W,2020-02-18 17:34:52,
1229820067673780224,"If you missed @askewschoolfsu Professor David Berlanâ€™s Policy pub, learn about his research on non profits after Huâ€¦ https://t.co/7vYYD9jERb",2020-02-18 17:28:47,
1229819071744610306,@CliveWismayer Michael Fish was a super forecaster back in 1987. He wasn't after the hurricane happened.,2020-02-18 17:24:50,
1229815299291123717,RT @domenicadelia22: Dirty cop Comey underhandedly sent a senior member of the team to investigate alleged collusion between Russia and Truâ€¦,2020-02-18 17:09:50,
1229812766250348545,Now playing: Super Signs - Hurricane Michael Hometown Heroes Tribute https://t.co/AmmScjFxok,2020-02-18 16:59:46,
1229812503074549762,Now playing: Alcom - Hurricane Michael Hometown Heroes Tribute https://t.co/AmmScjFxok,2020-02-18 16:58:44,
1229811508449873921,Hurricane Michael communities poised to receive nearly $1 billion in recovery funds https://t.co/ZoyO8UOQvB https://t.co/yUhQbiFSqF,2020-02-18 16:54:47,
1229809798385938433,Land acreage cap is a sticking point in federal reimbursement for timber owners via @Fla_Polâ€¦ https://t.co/A0qOsU4exk,2020-02-18 16:47:59,
1229809792782360576,Land acreage cap is a sticking point in federal reimbursement for timber owners https://t.co/sPl7nEUbfD #FlaPol https://t.co/ZgzWa1Dh31,2020-02-18 16:47:58,
1229808843137409026,"RT @VerizonGreen: ğŸŒ³Tree Recovery this SatğŸŒ³ Join us in Port St. Joe, FL for a community event on Sat, Feb 22 as we plant trees in Lighthouseâ€¦",2020-02-18 16:44:11,
1229803739525124097,"Pretty photo by Raphael Belly of the @Feadship Hurricane Run

She is owned by Michael Tabor

He has owned several sâ€¦ https://t.co/OXqKOf8ml9",2020-02-18 16:23:54,
1229802338631770118,RT @Ascensionorg: A story from @The_News_Herald noted Ascension Sacred Heart Hospital Bay's progress in recovering from 2018â€™s Hurricane Miâ€¦,2020-02-18 16:18:20,
1229792563722366976,@brando_lives that looks like hurricane michael,2020-02-18 15:39:30,
1229791974577754112,"Hurricane Michael's impact is still crushing families in Panama City, like Rosie's, whose story I captured in thisâ€¦ https://t.co/jokYcGwknd",2020-02-18 15:37:09,
1229789181976596480,"Devastation in Panama City, FL from Hurricane Michael https://t.co/eZ2rRHoTLZ https://t.co/1wx4AQ5rDG",2020-02-18 15:26:04,
1229788580479979520,RT @Ascensionorg: A story from @The_News_Herald noted Ascension Sacred Heart Hospital Bay's progress in recovering from 2018â€™s Hurricane Miâ€¦,2020-02-18 15:23:40,
1229787555555610631,RT @Ascensionorg: A story from @The_News_Herald noted Ascension Sacred Heart Hospital Bay's progress in recovering from 2018â€™s Hurricane Miâ€¦,2020-02-18 15:19:36,
1229787039568101376,"RT @BBCEarthAsia: Tonight on #HurricaneMan, join the fearless @iCyclone &amp; his team as they continue tracking one of the most powerful hurriâ€¦",2020-02-18 15:17:33,
1229786533277962241,RT @domenicadelia22: Dirty cop Comey underhandedly sent a senior member of the team to investigate alleged collusion between Russia and Truâ€¦,2020-02-18 15:15:32,
1229786299579629568,RT @FLDEO: DEO will hold a public workshop to seek input from local stakeholders for the State Action Plan for #HurricaneMichael recovery pâ€¦,2020-02-18 15:14:36,
1229784105602162689,RT @FLDEO: DEO will hold a public workshop to seek input from local stakeholders for the State Action Plan for #HurricaneMichael recovery pâ€¦,2020-02-18 15:05:53,
1229783195580870662,DEO will hold a public workshop to seek input from local stakeholders for the State Action Plan forâ€¦ https://t.co/pKtRn9Hv3F,2020-02-18 15:02:16,
1229779776497442817,RT @domenicadelia22: Dirty cop Comey underhandedly sent a senior member of the team to investigate alleged collusion between Russia and Truâ€¦,2020-02-18 14:48:41,
1229779764833026048,RT @domenicadelia22: Dirty cop Comey underhandedly sent a senior member of the team to investigate alleged collusion between Russia and Truâ€¦,2020-02-18 14:48:38,
1229779651402223617,RT @domenicadelia22: Dirty cop Comey underhandedly sent a senior member of the team to investigate alleged collusion between Russia and Truâ€¦,2020-02-18 14:48:11,
1229778749618577408,RT @domenicadelia22: Dirty cop Comey underhandedly sent a senior member of the team to investigate alleged collusion between Russia and Truâ€¦,2020-02-18 14:44:36,
1229778599865135104,RT @domenicadelia22: Dirty cop Comey underhandedly sent a senior member of the team to investigate alleged collusion between Russia and Truâ€¦,2020-02-18 14:44:01,
1229777225387560961,RT @domenicadelia22: Dirty cop Comey underhandedly sent a senior member of the team to investigate alleged collusion between Russia and Truâ€¦,2020-02-18 14:38:33,
1229776822583332867,RT @domenicadelia22: Dirty cop Comey underhandedly sent a senior member of the team to investigate alleged collusion between Russia and Truâ€¦,2020-02-18 14:36:57,
1229774871833522178,RT @domenicadelia22: Dirty cop Comey underhandedly sent a senior member of the team to investigate alleged collusion between Russia and Truâ€¦,2020-02-18 14:29:12,
1229770428173946880,Recovery Highlight &gt;&gt; The Bay County Private Property Debris Removal Program has officially begun. The program assiâ€¦ https://t.co/nQoyiwplOC,2020-02-18 14:11:32,
1229770207243141122,RT @domenicadelia22: Dirty cop Comey underhandedly sent a senior member of the team to investigate alleged collusion between Russia and Truâ€¦,2020-02-18 14:10:40,
1229769226409385986,RT @domenicadelia22: Dirty cop Comey underhandedly sent a senior member of the team to investigate alleged collusion between Russia and Truâ€¦,2020-02-18 14:06:46,
1229768777123811328,"RT @VerizonGreen: ğŸŒ³Tree Recovery this SatğŸŒ³ Join us in Port St. Joe, FL for a community event on Sat, Feb 22 as we plant trees in Lighthouseâ€¦",2020-02-18 14:04:59,
1229768039891161089,@TheNewEuropean That Michael Fish was a super forecaster he missed the hurricane!,2020-02-18 14:02:03,
1229768009675411456,"RT @VerizonGreen: ğŸŒ³Tree Recovery this SatğŸŒ³ Join us in Port St. Joe, FL for a community event on Sat, Feb 22 as we plant trees in Lighthouseâ€¦",2020-02-18 14:01:56,
1229767895888154624,"RT @VerizonGreen: ğŸŒ³Tree Recovery this SatğŸŒ³ Join us in Port St. Joe, FL for a community event on Sat, Feb 22 as we plant trees in Lighthouseâ€¦",2020-02-18 14:01:29,
1229767717844070403,"ğŸŒ³Tree Recovery this SatğŸŒ³ Join us in Port St. Joe, FL for a community event on Sat, Feb 22 as we plant trees in Lighâ€¦ https://t.co/B6IGZOLzhQ",2020-02-18 14:00:46,
1229767501531185152,RT @domenicadelia22: Dirty cop Comey underhandedly sent a senior member of the team to investigate alleged collusion between Russia and Truâ€¦,2020-02-18 13:59:54,
1229765148279132160,RT @domenicadelia22: Dirty cop Comey underhandedly sent a senior member of the team to investigate alleged collusion between Russia and Truâ€¦,2020-02-18 13:50:33,
1229764047157047298,RT @BarbaraRedgate: Until There Are Arrests The Coup Continues! Dirty Cops Corrupt Lawyers Running The Country FakeRussianDossierFISA Abuseâ€¦,2020-02-18 13:46:11,
1229763765769515010,RT @domenicadelia22: Dirty cop Comey underhandedly sent a senior member of the team to investigate alleged collusion between Russia and Truâ€¦,2020-02-18 13:45:04,
1229760373961773061,RT @domenicadelia22: Dirty cop Comey underhandedly sent a senior member of the team to investigate alleged collusion between Russia and Truâ€¦,2020-02-18 13:31:35,
1229758002070249474,RT @domenicadelia22: Dirty cop Comey underhandedly sent a senior member of the team to investigate alleged collusion between Russia and Truâ€¦,2020-02-18 13:22:10,
1229757163213639680,"RT @FLDEO: Today, DEO announced additional public workshops and webinar to seek input for the use of more than $735 million in federal fundâ€¦",2020-02-18 13:18:50,
1229755439107231751,RT @domenicadelia22: Dirty cop Comey underhandedly sent a senior member of the team to investigate alleged collusion between Russia and Truâ€¦,2020-02-18 13:11:59,
1229755334559850497,"RT @BBCEarthAsia: Tonight on #HurricaneMan, join the fearless @iCyclone &amp; his team as they continue tracking one of the most powerful hurriâ€¦",2020-02-18 13:11:34,
1229755013154496514,RT @domenicadelia22: Dirty cop Comey underhandedly sent a senior member of the team to investigate alleged collusion between Russia and Truâ€¦,2020-02-18 13:10:17,
1229753428693409797,RT @domenicadelia22: Dirty cop Comey underhandedly sent a senior member of the team to investigate alleged collusion between Russia and Truâ€¦,2020-02-18 13:03:59,
1229752885304549376,RT @domenicadelia22: Dirty cop Comey underhandedly sent a senior member of the team to investigate alleged collusion between Russia and Truâ€¦,2020-02-18 13:01:50,
1229751521367220224,RT @domenicadelia22: Dirty cop Comey underhandedly sent a senior member of the team to investigate alleged collusion between Russia and Truâ€¦,2020-02-18 12:56:25,
1229750475798568960,RT @domenicadelia22: Dirty cop Comey underhandedly sent a senior member of the team to investigate alleged collusion between Russia and Truâ€¦,2020-02-18 12:52:15,
1229942729301426176,RT @ProfMJCleveland: @DavidCornDC @realDonaldTrump THREAD:  @DavidCornDC reply illustrates how the MSM is so snowed by its own propaganda tâ€¦,2020-02-19 01:36:12,
1229942686230163456,"If you can't handle my sporadic breakdowns, occasional ghosting, social media deactivation and cold nature then I dâ€¦ https://t.co/dhGrsEeFnL",2020-02-19 01:36:02,
1229942640344490000,"RT @ROHLL5: Lindsey Graham sent his FISA witness list to the DOJ. â€œNow, my job is to make sure Crossfire Hurricane never occurs again. I thâ€¦",2020-02-19 01:35:51,
1229942627505786880,@YourFondestLove i think this website got hit by the slashdot effect (or whatever the kids call it these days),2020-02-19 01:35:48,
1229942607460982785,"oh hey, what should i make my next gijinka adopts?",2020-02-19 01:35:43,
1229942588381286400,@allie3ga How did she do? Got lots of new tricks for mommie??,2020-02-19 01:35:38,
1229942541702877185,Disclaimer: Hurricane Harvey jokes get you an immediate block. No questions asked.,2020-02-19 01:35:27,
1229942498677739521,RT @CBS_Herridge: SCOOP: Chairman Senate Judiciary formally asks AG Barr to make witnesses available for probe â€œCrossfire Hurricaneâ€ + #FISâ€¦,2020-02-19 01:35:17,
1229942459024773121,@Earth_Media_ @ClimateDepot @scottpwaldman OMG...a tornado in tornado ally ..or a hurricane in hurricane ally ...whâ€¦ https://t.co/69Yu8iD5wz,2020-02-19 01:35:08,
1229942454197071872,@capeandcowell Kinda reminds me of people blaming a hurricane in Florida on climate change.,2020-02-19 01:35:06,
1229942435993640960,"RT @stjbs: BREAKING: Federal judge dismisses downstream Hurricane Harvey claims stemming from controlled releases, says Army Corps is not lâ€¦",2020-02-19 01:35:02,
1229942434886541313,"RT @ROHLL5: Lindsey Graham sent his FISA witness list to the DOJ. â€œNow, my job is to make sure Crossfire Hurricane never occurs again. I thâ€¦",2020-02-19 01:35:02,
1229942421770981377,"RT @ROHLL5: Lindsey Graham sent his FISA witness list to the DOJ. â€œNow, my job is to make sure Crossfire Hurricane never occurs again. I thâ€¦",2020-02-19 01:34:59,
1229942395418095617,"RT @ROHLL5: Lindsey Graham sent his FISA witness list to the DOJ. â€œNow, my job is to make sure Crossfire Hurricane never occurs again. I thâ€¦",2020-02-19 01:34:52,
1229942309753688064,"RT @ROHLL5: Lindsey Graham sent his FISA witness list to the DOJ. â€œNow, my job is to make sure Crossfire Hurricane never occurs again. I thâ€¦",2020-02-19 01:34:32,
1229942232502996993,"RT @TulsaWGolf: Tulsa golf places 10th at the Allstate Sugar Bowl Intercollegiate, while @batigersports alum Taylor Dobson leads Hurricane.â€¦",2020-02-19 01:34:14,
1229942211925696512,"RT @HansMahncke: This is what it comes down to. When Crossfire Hurricane was opened in late July, Flynn was not a target. Two weeks later,â€¦",2020-02-19 01:34:09,
1229942197912387584,RT @BarbaraRedgate: Until There Are Arrests The Coup Continues! Dirty Cops Corrupt Lawyers Running The Country FakeRussianDossierFISA Abuseâ€¦,2020-02-19 01:34:05,
1229942194234122241,"RT @ROHLL5: Lindsey Graham sent his FISA witness list to the DOJ. â€œNow, my job is to make sure Crossfire Hurricane never occurs again. I thâ€¦",2020-02-19 01:34:04,
1229942184968765442,"RT @_Marvettee: Rain , sleet , snow , hail , tornado matter fact a hurricane , I could careless WE STILLLLLL MARCHING ğŸ˜ˆ #TheHillTakesTheVotâ€¦",2020-02-19 01:34:02,
1229942179386318849,"RT @ROHLL5: Lindsey Graham sent his FISA witness list to the DOJ. â€œNow, my job is to make sure Crossfire Hurricane never occurs again. I thâ€¦",2020-02-19 01:34:01,
1229942176945254401,"RT @Christophercsa6: Hungarian Hurricane
Commie!!!

@LadyNY4Ever 
@EinsteinsMagic 
@tagruber 
ğŸ‡ºğŸ‡¸
@9mmcassy 
@1776Machine17 
@Texaswild7 
ğŸ‡ºğŸ‡¸â€¦",2020-02-19 01:34:00,
1229942073756913664,"RT @GabMoBanks: BREAKING NEWS: Army Corps is not liable, judge said. Thousands flooded downstream of the reservoirs in Hurricane Harvey getâ€¦",2020-02-19 01:33:36,
1229942063128547329,@Hurricane_Stacy @CateDailyBoom @YahooEnt ğŸ‘ğŸ¼,2020-02-19 01:33:33,
1229942014378233856,"RT @ROHLL5: Lindsey Graham sent his FISA witness list to the DOJ. â€œNow, my job is to make sure Crossfire Hurricane never occurs again. I thâ€¦",2020-02-19 01:33:22,
1229941995323482113,"RT @Christophercsa6: Hungarian Hurricane
Commie!!!

@LadyNY4Ever 
@EinsteinsMagic 
@tagruber 
ğŸ‡ºğŸ‡¸
@9mmcassy 
@1776Machine17 
@Texaswild7 
ğŸ‡ºğŸ‡¸â€¦",2020-02-19 01:33:17,
1229941991162761217,"RT @totallybarbados: The hurricane season in Barbados, (https://t.co/OvFXCVeAKC) occurs during the months of June to November. September anâ€¦",2020-02-19 01:33:16,
1229941984321818627,"RT @Christophercsa6: Hungarian Hurricane
Commie!!!

@LadyNY4Ever 
@EinsteinsMagic 
@tagruber 
ğŸ‡ºğŸ‡¸
@9mmcassy 
@1776Machine17 
@Texaswild7 
ğŸ‡ºğŸ‡¸â€¦",2020-02-19 01:33:14,
1229941974184136704,"RT @HansMahncke: This is what it comes down to. When Crossfire Hurricane was opened in late July, Flynn was not a target. Two weeks later,â€¦",2020-02-19 01:33:12,
1229941939639848960,RT @BarbaraRedgate: Until There Are Arrests The Coup Continues! Dirty Cops Corrupt Lawyers Running The Country FakeRussianDossierFISA Abuseâ€¦,2020-02-19 01:33:04,
1229941935596589061,"@swedishsweets99 If by which you mean a hurricane cocktail mixed with a tequila sunrise, fuck it, Iâ€™m in!",2020-02-19 01:33:03,
1229941886456127490,"Today a student pointed out that the center of a hurricane is called the ""eye"" and the center of the word itself isâ€¦ https://t.co/1JyIPlWwPw",2020-02-19 01:32:51,
1229941874246455297,@bodaktrini I watched Hurricane yrs ago so Iâ€™d have to rewatch it to give an honest opinion. Idk if I have GOAT rnâ€¦ https://t.co/J8ZWCZdxQi,2020-02-19 01:32:48,
1229941849864966145,RT @BarbaraRedgate: Until There Are Arrests The Coup Continues! Dirty Cops Corrupt Lawyers Running The Country FakeRussianDossierFISA Abuseâ€¦,2020-02-19 01:32:42,
1229941845985308672,RT @bosslifechoseme: @thebradfordfile He's getting to experience this is full force.  I hope he brings down a hurricane of justice on all tâ€¦,2020-02-19 01:32:41,
1229941843783114753,RT @ProfMJCleveland: @DavidCornDC @realDonaldTrump THREAD:  @DavidCornDC reply illustrates how the MSM is so snowed by its own propaganda tâ€¦,2020-02-19 01:32:41,
1229941832450101248,"RT @ROHLL5: Lindsey Graham sent his FISA witness list to the DOJ. â€œNow, my job is to make sure Crossfire Hurricane never occurs again. I thâ€¦",2020-02-19 01:32:38,
1229941830634131456,"RT @GabMoBanks: *** BREAKING *** Federal judge dismisses downstream Hurricane Harvey claims stemming from controlled releases, says Army Coâ€¦",2020-02-19 01:32:38,
1229941822341992448,RT @BarbaraRedgate: Until There Are Arrests The Coup Continues! Dirty Cops Corrupt Lawyers Running The Country FakeRussianDossierFISA Abuseâ€¦,2020-02-19 01:32:36,
1229941800003084291,"RT @Christophercsa6: Hungarian Hurricane
Commie!!!

@LadyNY4Ever 
@EinsteinsMagic 
@tagruber 
ğŸ‡ºğŸ‡¸
@9mmcassy 
@1776Machine17 
@Texaswild7 
ğŸ‡ºğŸ‡¸â€¦",2020-02-19 01:32:30,
1229941797830328320,"RT @ROHLL5: Lindsey Graham sent his FISA witness list to the DOJ. â€œNow, my job is to make sure Crossfire Hurricane never occurs again. I thâ€¦",2020-02-19 01:32:30,
1229941786413391872,ceh siap guna lyrics hurricane lagi ahahahhahahaha https://t.co/ZhBVoi2HjM,2020-02-19 01:32:27,
1229941784786165761,RT @BarbaraRedgate: Until There Are Arrests The Coup Continues! Dirty Cops Corrupt Lawyers Running The Country FakeRussianDossierFISA Abuseâ€¦,2020-02-19 01:32:27,
1229941778192699392,RT @JudicialWatch: .@TomFitton on @LouDobbs: â€œJudicial Watch just released new emails between Page and Strzok showing they helped write theâ€¦,2020-02-19 01:32:25,
1229941734953619457,"RT @ROHLL5: Lindsey Graham sent his FISA witness list to the DOJ. â€œNow, my job is to make sure Crossfire Hurricane never occurs again. I thâ€¦",2020-02-19 01:32:15,
1229941734131601411,"RT @WeatherNation: It's ELECTRIFYING! 

St. Elmo's Fire was caught by hurricane hunters over the North Atlantic!  âš¡ï¸ https://t.co/3EthrIIRuv",2020-02-19 01:32:15,
1229941732747481089,RT @SimonPGrindrod: The ANC MP who publicly implied that Julius Malema abuses his wife possibly did not anticipate the verbal hurricane heâ€¦,2020-02-19 01:32:14,
1229941714930020352,"RT @BryanDawsonUSA: 29% of LA Republicans blamed Obama for the botched Hurricane Katrina response.

67% of Trump supporters believe unemploâ€¦",2020-02-19 01:32:10,
1229941705245216768,"RT @ROHLL5: Lindsey Graham sent his FISA witness list to the DOJ. â€œNow, my job is to make sure Crossfire Hurricane never occurs again. I thâ€¦",2020-02-19 01:32:08,
1229941688069545985,"RT @CapcomFighters: Weâ€™re live with this weekâ€™s @WinnerStaysOn Sessions at the @Capcom_UK HQ âš¡ï¸âš¡ï¸âš¡ï¸âš¡ï¸

https://t.co/oDPr5Xgh9W

@WSOLogan @â€¦",2020-02-19 01:32:04,
1229941649750593537,"RT @Earth_Media_: @ClimateDepot @scottpwaldman Marc, how about you &amp; a bunch of your pals to agree to live on a waterfront property on theâ€¦",2020-02-19 01:31:55,
1229941649297625088,RT @AmberSkyIsHere: #alexandro_hurricane #pertly #charm #dandelion #blowball #fly #fly_away #message #beautiful #nature #free #freedom #horâ€¦,2020-02-19 01:31:55,
1229941637620682753,"RT @ROHLL5: Lindsey Graham sent his FISA witness list to the DOJ. â€œNow, my job is to make sure Crossfire Hurricane never occurs again. I thâ€¦",2020-02-19 01:31:52,
1229941626346377216,RT @ProfMJCleveland: @DavidCornDC @realDonaldTrump THREAD:  @DavidCornDC reply illustrates how the MSM is so snowed by its own propaganda tâ€¦,2020-02-19 01:31:49,
1229941612303855616,RT @ProfMJCleveland: @DavidCornDC @realDonaldTrump THREAD:  @DavidCornDC reply illustrates how the MSM is so snowed by its own propaganda tâ€¦,2020-02-19 01:31:46,
1229941553378078721,@OfficalTaw @CateDailyBoom @Tina14080487 @VAN_TATER @Hurricane_Stacy @RealTommyAlaska @kupfgirl @LetsgoMetsgoâ€¦ https://t.co/hZWnIM4dpP,2020-02-19 01:31:32,
1229941509337866242,"RT @ROHLL5: Lindsey Graham sent his FISA witness list to the DOJ. â€œNow, my job is to make sure Crossfire Hurricane never occurs again. I thâ€¦",2020-02-19 01:31:21,
1229941496427581440,"RT @ROHLL5: Lindsey Graham sent his FISA witness list to the DOJ. â€œNow, my job is to make sure Crossfire Hurricane never occurs again. I thâ€¦",2020-02-19 01:31:18,
1229941487397429249,Prep Store Emergency Survival Pack - Survival Kit - Bugout Bag - Hurricane Emergency Kit - Survival Bag - Bug Out Bâ€¦ https://t.co/kRRGsY7rR3,2020-02-19 01:31:16,
1229941484507586564,RT @CBS_Herridge: SCOOP: Chairman Senate Judiciary formally asks AG Barr to make witnesses available for probe â€œCrossfire Hurricaneâ€ + #FISâ€¦,2020-02-19 01:31:15,
1229941436528852992,"RT @ROHLL5: Lindsey Graham sent his FISA witness list to the DOJ. â€œNow, my job is to make sure Crossfire Hurricane never occurs again. I thâ€¦",2020-02-19 01:31:04,
1229941385303904256,Every time I drive to Monroe in the rain it want to act like itâ€™s a hurricane going on,2020-02-19 01:30:52,
1229941370267238400,"RT @ROHLL5: Lindsey Graham sent his FISA witness list to the DOJ. â€œNow, my job is to make sure Crossfire Hurricane never occurs again. I thâ€¦",2020-02-19 01:30:48,
1229941337811607553,@realystTe A very strong case Lmfao,2020-02-19 01:30:40,
1229941310532079616,"RT @ROHLL5: Lindsey Graham sent his FISA witness list to the DOJ. â€œNow, my job is to make sure Crossfire Hurricane never occurs again. I thâ€¦",2020-02-19 01:30:34,
1229941293201133576,"RT @missnormagene: If justice was blind, @HillaryClinton would have been indicted and you would have recommended it@and 
Crossfire Hurricanâ€¦",2020-02-19 01:30:30,
1229941287845007361,What a hurricane of a day. Can't wait to get some ZzZs tonight. Hopefully nightmare free. https://t.co/LLMPfud7ex,2020-02-19 01:30:28,
1229941240516489216,"RT @drawandstrike: @GenFlynn Mifsud plants the offer with @GeorgePapa19, who relates it to Downer, who then alerts the FBI.   The Crossfireâ€¦",2020-02-19 01:30:17,
1229941238024945670,"RT @ROHLL5: Lindsey Graham sent his FISA witness list to the DOJ. â€œNow, my job is to make sure Crossfire Hurricane never occurs again. I thâ€¦",2020-02-19 01:30:17,
1229941237786054656,@GodHamgod *The Hurricane*,2020-02-19 01:30:16,
1229941235240054784,RT @ProfMJCleveland: @DavidCornDC @realDonaldTrump THREAD:  @DavidCornDC reply illustrates how the MSM is so snowed by its own propaganda tâ€¦,2020-02-19 01:30:16,
1229941233667264515,"RT @OdetteDunn: My first #hurricane (baby size) on #BourbonStreet in New Orleans! Good thing I ran this morning! 
#TravelwithOdette #travelâ€¦",2020-02-19 01:30:15,
1229941228868947969,RT @jasmaariie: iâ€™m sick of tyler perry ğŸ˜­ https://t.co/rC95WDufiQ,2020-02-19 01:30:14,
1229941222745223172,"RT @drawandstrike: @GenFlynn Mifsud plants the offer with @GeorgePapa19, who relates it to Downer, who then alerts the FBI.   The Crossfireâ€¦",2020-02-19 01:30:13,
1229941213014437890,RT @ProfMJCleveland: @DavidCornDC @realDonaldTrump THREAD:  @DavidCornDC reply illustrates how the MSM is so snowed by its own propaganda tâ€¦,2020-02-19 01:30:11,
1229941195356270592,RT @BarbaraRedgate: Until There Are Arrests The Coup Continues! Dirty Cops Corrupt Lawyers Running The Country FakeRussianDossierFISA Abuseâ€¦,2020-02-19 01:30:06,
1229941187114520576,RT @SoCal360: Interesting to see most of the houses /buildings along the Mississippi coast are built at least 20+ feet above the ground. Whâ€¦,2020-02-19 01:30:04,
1229941178352750592,"My final report on Hurricane Dennis, the #3 strongest extratropical storm on record in the Atlantic. https://t.co/hHbqCUnBkA",2020-02-19 01:30:02,
1229941155594428416,"@donnabrazile Donna, I read it, complained about Trumpâ€™s lies, but article full of 1/2 truths! Hatch Act canâ€™t useâ€¦ https://t.co/k10Sspbo86",2020-02-19 01:29:57,
1229941135872753664,RT @BarbaraRedgate: Until There Are Arrests The Coup Continues! Dirty Cops Corrupt Lawyers Running The Country FakeRussianDossierFISA Abuseâ€¦,2020-02-19 01:29:52,
1229941134547472384,"RT @ROHLL5: Lindsey Graham sent his FISA witness list to the DOJ. â€œNow, my job is to make sure Crossfire Hurricane never occurs again. I thâ€¦",2020-02-19 01:29:52,
1229941113693315073,"RT @AnthemRespect: @realDonaldTrump â€œCrossfire Hurricaneâ€ was the name given to the illicit spy operation on Donald Trump.

Everyone shouldâ€¦",2020-02-19 01:29:47,
1229941112879665159,@GodHamgod Whatâ€™s your pick? Mine is probably â€œHurricane.â€,2020-02-19 01:29:47,
1229941093573095425,RT @scotty_kiker: @ScotLithVAian @Get_Outa_Here @KlipschAudio So you be cranking up some oldies shit huh? Lol! Rocks you like a hurricane!â€¦,2020-02-19 01:29:42,
1229941065106345986,"RT @ROHLL5: Lindsey Graham sent his FISA witness list to the DOJ. â€œNow, my job is to make sure Crossfire Hurricane never occurs again. I thâ€¦",2020-02-19 01:29:35,
1229941060316672006,"RT @ROHLL5: Lindsey Graham sent his FISA witness list to the DOJ. â€œNow, my job is to make sure Crossfire Hurricane never occurs again. I thâ€¦",2020-02-19 01:29:34,
1229941053114978306,"RT @ROHLL5: Lindsey Graham sent his FISA witness list to the DOJ. â€œNow, my job is to make sure Crossfire Hurricane never occurs again. I thâ€¦",2020-02-19 01:29:32,
1229941045195993088,@CateDailyBoom @kupfgirl @OfficalTaw @Littleelvis40 @Hurricane_Stacy @Tina14080487 @RockTheseTweets @OuchYOMHâ€¦ https://t.co/0U2FFAv8ac,2020-02-19 01:29:31,
1229941041333141505,RT @FLSERT: Recovery Highlight &gt;&gt; The Bay County Private Property Debris Removal Program has officially begun. The program assists propertyâ€¦,2020-02-19 01:29:30,
1229941037730353152,Inside a hurricane https://t.co/7YTgYU1Rdh https://t.co/CvFIShSRpd,2020-02-19 01:29:29,
1229941014342897664,@CateDailyBoom @ClaudiaComedy @YahooEnt Yes!,2020-02-19 01:29:23,
1229941008512712706,RT @BarbaraRedgate: Until There Are Arrests The Coup Continues! Dirty Cops Corrupt Lawyers Running The Country FakeRussianDossierFISA Abuseâ€¦,2020-02-19 01:29:22,
1229940990624108544,@CanesFootball Its 33 in detroit michigan 29 south bend - Its good to be a Miami Hurricane!!,2020-02-19 01:29:18,
1229940978959646720,"RT @ROHLL5: Lindsey Graham sent his FISA witness list to the DOJ. â€œNow, my job is to make sure Crossfire Hurricane never occurs again. I thâ€¦",2020-02-19 01:29:15,
1229940977936347136,"RT @ROHLL5: Lindsey Graham sent his FISA witness list to the DOJ. â€œNow, my job is to make sure Crossfire Hurricane never occurs again. I thâ€¦",2020-02-19 01:29:14,
1229940956306268161,@CateDailyBoom @YahooEnt Awww so sad. I loved her!,2020-02-19 01:29:09,
1229940955970711552,@GeocachingHour @susancoxj A2. I remember many years ago when Hurricane Isabel washed away an entire pier and the gâ€¦ https://t.co/cm1kZpesvP,2020-02-19 01:29:09,"[39.71527076, -75.63015711]"
1229940942544740352,"RT @ROHLL5: Lindsey Graham sent his FISA witness list to the DOJ. â€œNow, my job is to make sure Crossfire Hurricane never occurs again. I thâ€¦",2020-02-19 01:29:06,
1229940905530003468,RT @CBS_Herridge: SCOOP: Chairman Senate Judiciary formally asks AG Barr to make witnesses available for probe â€œCrossfire Hurricaneâ€ + #FISâ€¦,2020-02-19 01:28:57,
1229940874970202112,RT @BarbaraRedgate: Until There Are Arrests The Coup Continues! Dirty Cops Corrupt Lawyers Running The Country FakeRussianDossierFISA Abuseâ€¦,2020-02-19 01:28:50,
1229941319503695874,".
- ğ—¢ğ˜„ğ—»ğ—¶ğ—»ğ—´ ğ—® ğ—–ğ—¼ğ—»ğ—±ğ—¼ 101 ...
- ğ—ªğ—µğ—®ğ˜ ğ—¬ğ—¼ğ˜‚ ğ—¡ğ—²ğ—²ğ—± ğ˜ğ—¼ ğ—ğ—»ğ—¼ğ˜„
https://t.co/zFSOe5cbGx

#Beach #Condo #RealEstate
#GulfShoresâ€¦ https://t.co/VZdmT7c88S",2020-02-19 01:30:36,
1229922628703596544,"- ğ—šğ˜‚ğ—¹ğ—³ ğ—¦ğ—µğ—¼ğ—¿ğ—²ğ˜€, ğ—¢ğ—¿ğ—®ğ—»ğ—´ğ—² ğ—•ğ—²ğ—®ğ—°ğ—µ &amp; ğ—£ğ—²ğ—¿ğ—±ğ—¶ğ—±ğ—¼ ğ—ğ—²ğ˜† 
- ğ—›ğ—¼ğ—ºğ—² ğ—¦ğ—®ğ—¹ğ—²ğ˜€ &amp; ğ—©ğ—®ğ—°ğ—®ğ˜ğ—¶ğ—¼ğ—» ğ—¥ğ—²ğ—»ğ˜ğ—®ğ—¹ğ˜€
- https://t.co/Bcce29oJGj

#Beach #Condoâ€¦ https://t.co/vBDNP1TeIR",2020-02-19 00:16:20,
1229859447100579846,Book your spring break group transportation today! Reserve your fleet at 850-269-1200 or visitâ€¦ https://t.co/7nw1YD2tXM,2020-02-18 20:05:16,
1229843191324696581,".
- ğ—šğ˜‚ğ—¹ğ—³ ğ—¦ğ—µğ—¼ğ—¿ğ—²ğ˜€, ğ—¢ğ—¿ğ—®ğ—»ğ—´ğ—² ğ—•ğ—²ğ—®ğ—°ğ—µ, ğ—£ğ—²ğ—¿ğ—±ğ—¶ğ—±ğ—¼ ğ—ğ—²ğ˜† ğ—–ğ—¼ğ—»ğ—±ğ—¼ ğ—¦ğ—®ğ—¹ğ—²ğ˜€ &amp; ğ—©ğ—®ğ—°ğ—®ğ˜ğ—¶ğ—¼ğ—» ğ—¥ğ—²ğ—»ğ˜ğ—®ğ—¹ğ˜€
https://t.co/gtTtLT1h2I

#Beach #Condoâ€¦ https://t.co/kmKIU1XmAn",2020-02-18 19:00:40,
1229839565248180226,".
- ğ—šğ˜‚ğ—¹ğ—³ ğ—¦ğ—µğ—¼ğ—¿ğ—²ğ˜€, ğ—¢ğ—¿ğ—®ğ—»ğ—´ğ—² ğ—•ğ—²ğ—®ğ—°ğ—µ, ğ—£ğ—²ğ—¿ğ—±ğ—¶ğ—±ğ—¼ ğ—ğ—²ğ˜† ğ—›ğ—¼ğ—ºğ—² ğ—¦ğ—®ğ—¹ğ—²ğ˜€ &amp; ğ—©ğ—®ğ—°ğ—®ğ˜ğ—¶ğ—¼ğ—» ğ—¥ğ—²ğ—»ğ˜ğ—®ğ—¹ğ˜€
https://t.co/Bcce29oJGj

#Beach #Condoâ€¦ https://t.co/ljD56E6bnA",2020-02-18 18:46:16,
1229838065683849216,Check out my #listing in #PanamaCityBeach #FL  #realestate #realtor https://t.co/XAAks7iBZa https://t.co/oBQRNX7j0C,2020-02-18 18:40:18,
1229834509131997184,".
- ğ—¢ğ˜„ğ—»ğ—¶ğ—»ğ—´ ğ—® ğ—–ğ—¼ğ—»ğ—±ğ—¼ 101
- ğ—ªğ—µğ—®ğ˜ ğ—¬ğ—¼ğ˜‚ ğ—¡ğ—²ğ—²ğ—± ğ˜ğ—¼ ğ—ğ—»ğ—¼ğ˜„
https://t.co/i2XnnfNQIw

#Beach #Condo #RealEstate
#GulfShoresâ€¦ https://t.co/bN41Y26QHQ",2020-02-18 18:26:10,
1229831061410123776,". NEW LISTINGS .
- Beach Homes &amp; Condos
- Gulf Shores, Orange Beach, Perdido Key 
- Visit: https://t.co/taoEuZYvj3â€¦ https://t.co/souduztEnZ",2020-02-18 18:12:28,
1229831045287116800,". NEW LISTINGS .
- Beach Homes &amp; Condos
- Gulf Shores, Orange Beach, Perdido Key 
- Visit: https://t.co/FDNDTgoK2dâ€¦ https://t.co/aLiaBBMFM4",2020-02-18 18:12:25,
1229827033187979269,".
- ğ—¢ğ˜„ğ—»ğ—¶ğ—»ğ—´ ğ—® ğ—–ğ—¼ğ—»ğ—±ğ—¼ 101
- ğ—ªğ—µğ—®ğ˜ ğ—¬ğ—¼ğ˜‚ ğ—¡ğ—²ğ—²ğ—± ğ˜ğ—¼ ğ—ğ—»ğ—¼ğ˜„...
https://t.co/diON3ZW47R

#Beach #Condo #RealEstate
#GulfShoresâ€¦ https://t.co/CefkgraMsV",2020-02-18 17:56:28,
1229826044594708481,".
- ğ—•ğ—²ğ—®ğ—°ğ—µ ğ—›ğ—¼ğ—ºğ—²ğ˜€ &amp; ğ—–ğ—¼ğ—»ğ—±ğ—¼ğ˜€ : ğ—©ğ—®ğ—°ğ—®ğ˜ğ—¶ğ—¼ğ—» ğ—¥ğ—²ğ—»ğ˜ğ—®ğ—¹s
- ğ—šğ˜‚ğ—¹ğ—³ ğ—¦ğ—µğ—¼ğ—¿ğ—²ğ˜€, ğ—¢ğ—¿ğ—®ğ—»ğ—´ğ—² ğ—•ğ—²ğ—®ğ—°ğ—µ, ğ—£ğ—²ğ—¿ğ—±ğ—¶ğ—±ğ—¼ ğ—ğ—²ğ˜† 
- Visit:â€¦ https://t.co/F16nZUXkyx",2020-02-18 17:52:32,
1229825448240197640,"Happy Travel Tuesday!

Start planning your March vacation at https://t.co/ZQes671zgf! 

#PanamaCityBeachâ€¦ https://t.co/W7MZs25oyQ",2020-02-18 17:50:10,
1229824930549813254,".
- ğ—¡ğ—˜ğ—ª ğ—Ÿğ—¶ğ˜€ğ˜ğ—¶ğ—»ğ—´ğ˜€: ğ—•ğ—²ğ—®ğ—°ğ—µ ğ—›ğ—¼ğ˜‚ğ˜€ğ—²ğ˜€ &amp; ğ—–ğ—¼ğ—»ğ—±ğ—¼ğ˜€
- ğ—šğ˜‚ğ—¹ğ—³ ğ—¦ğ—µğ—¼ğ—¿ğ—²ğ˜€ Â· ğ—¢ğ—¿ğ—®ğ—»ğ—´ğ—² ğ—•ğ—²ğ—®ğ—°ğ—µ Â· ğ—£ğ—²ğ—¿ğ—±ğ—¶ğ—±ğ—¼ ğ—ğ—²ğ˜†
https://t.co/FDNDTgoK2d

#Beachâ€¦ https://t.co/Cv2dl6GzJe",2020-02-18 17:48:07,
1229819900069322753,".
- Panama City Beach Vacation Rentals &amp; Sales, Splash Condo
https://t.co/x5BLBRRaFN

#PCB #PanamaCityBeachâ€¦ https://t.co/fVjhjTDcQ9",2020-02-18 17:28:07,
1229770235101765633,"- The Beach MLS
- Beach Vacation Rentals &amp; Sales
- Visit: https://t.co/9L0HMmKQrW
#Beach #Condo #RealEstateâ€¦ https://t.co/S9PGX1PxQL",2020-02-18 14:10:46,
1229769434107142144,Thinking about #Cryotherapy? Call us today to find out more! #Destin #PanamaCityBeach https://t.co/bkXxZLcSsJ https://t.co/8Y7JDPBbJY,2020-02-18 14:07:35,
1229767880557899778,"- Beach Traveler
- Visit: https://t.co/5zDU795Q7N
#Beach #Condo #RealEstate
#GulfShores #OrangeBeach #PerdidoKeyâ€¦ https://t.co/In3aBufhHx",2020-02-18 14:01:25,
1229766590507442176,".
- Florida Beach Network
- Visit: https://t.co/qucqeiuJ0q
#Florida #Beach #Condo #RealEstate
#Destin #PCBâ€¦ https://t.co/ixfwVyJtzs",2020-02-18 13:56:17,
1229762672633294848,".
- ğ—¢ğ˜„ğ—»ğ—¶ğ—»ğ—´ ğ—® ğ—–ğ—¼ğ—»ğ—±ğ—¼ 101
- ğ—ªğ—µğ—®ğ˜ ğ—¬ğ—¼ğ˜‚ ğ—¡ğ—²ğ—²ğ—± ğ˜ğ—¼ ğ—ğ—»ğ—¼ğ˜„
https://t.co/zFSOe5cbGx

#Beach #Condo #RealEstate
#GulfShoresâ€¦ https://t.co/VKcYBWQ3v3",2020-02-18 13:40:43,
1229759042656120832,".
- Visit: Florida Beach Travelers
https://t.co/cCHLyawH4e

#Florida #Beach #Condo #RealEstate
#Destin #PCBâ€¦ https://t.co/j6m7xX0CII",2020-02-18 13:26:18,
1229753463397023744,"- ğ—¡ğ—˜ğ—ª ğ—Ÿğ—¶ğ˜€ğ˜ğ—¶ğ—»ğ—´ğ˜€: ğ—•ğ—²ğ—®ğ—°ğ—µ ğ—›ğ—¼ğ˜‚ğ˜€ğ—²ğ˜€ &amp; ğ—–ğ—¼ğ—»ğ—±ğ—¼ğ˜€
- ğ—šğ˜‚ğ—¹ğ—³ ğ—¦ğ—µğ—¼ğ—¿ğ—²ğ˜€ Â· ğ—¢ğ—¿ğ—®ğ—»ğ—´ğ—² ğ—•ğ—²ğ—®ğ—°ğ—µ Â· ğ—£ğ—²ğ—¿ğ—±ğ—¶ğ—±ğ—¼ ğ—ğ—²ğ˜†
- https://t.co/CNCi7Cp2IO
#Beachâ€¦ https://t.co/Bs4qrodciE",2020-02-18 13:04:08,
1229646758575104000,Best Hotel #deals in #PanamaCityBeach #SunbirdSuites starting at USD182.50 https://t.co/3rbpm4ASBW https://t.co/Yqq0dEDY0H,2020-02-18 06:00:07,
1229596493193109506,".
- Visit: Panama City Beach Florida Condos
https://t.co/6rI3ntu1Je

#PCB #PanamaCityBeach #Florida #Beach #Condoâ€¦ https://t.co/voAJChjqVw",2020-02-18 02:40:23,
1229586480261103616,".
- ğ—¢ğ˜„ğ—»ğ—¶ğ—»ğ—´ ğ—® ğ—–ğ—¼ğ—»ğ—±ğ—¼ 101
- ğ—ªğ—µğ—®ğ˜ ğ—¬ğ—¼ğ˜‚ ğ—¡ğ—²ğ—²ğ—± ğ˜ğ—¼ ğ—ğ—»ğ—¼ğ˜„
https://t.co/diON3ZW47R

#Beach #Condo #RealEstate
#GulfShoresâ€¦ https://t.co/8Vr42UTEB5",2020-02-18 02:00:36,
1229584322497302528,The view from a beachfront balcony is something everyone should experience in a lifetime. We're so glad you're hereâ€¦ https://t.co/3dPLJc9oG0,2020-02-18 01:52:01,
1229561286691782657,".
- ğ—šğ˜‚ğ—¹ğ—³ ğ—¦ğ—µğ—¼ğ—¿ğ—²ğ˜€, ğ—¢ğ—¿ğ—®ğ—»ğ—´ğ—² ğ—•ğ—²ğ—®ğ—°ğ—µ, ğ—£ğ—²ğ—¿ğ—±ğ—¶ğ—±ğ—¼ ğ—ğ—²ğ˜† ğ—–ğ—¼ğ—»ğ—±ğ—¼ ğ—¦ğ—®ğ—¹ğ—²ğ˜€ &amp; ğ—©ğ—®ğ—°ğ—®ğ˜ğ—¶ğ—¼ğ—» ğ—¥ğ—²ğ—»ğ˜ğ—®ğ—¹ğ˜€
https://t.co/ZbV9QXtDF7

#Beach #Condoâ€¦ https://t.co/vsQMBxSCwS",2020-02-18 00:20:29,
1229560694582005761,".
- ğ—¢ğ˜„ğ—»ğ—¶ğ—»ğ—´ ğ—® ğ—–ğ—¼ğ—»ğ—±ğ—¼ 101
- ğ—ªğ—µğ—®ğ˜ ğ—¬ğ—¼ğ˜‚ ğ—¡ğ—²ğ—²ğ—± ğ˜ğ—¼ ğ—ğ—»ğ—¼ğ˜„
https://t.co/mSA7XrI3kQ

#Beach #Condo #RealEstate
#GulfShoresâ€¦ https://t.co/y1zuHU2pMO",2020-02-18 00:18:08,
1229558731249197057,".
- ğ—šğ˜‚ğ—¹ğ—³ ğ—¦ğ—µğ—¼ğ—¿ğ—²ğ˜€, ğ—¢ğ—¿ğ—®ğ—»ğ—´ğ—² ğ—•ğ—²ğ—®ğ—°ğ—µ, ğ—£ğ—²ğ—¿ğ—±ğ—¶ğ—±ğ—¼ ğ—ğ—²ğ˜† ğ—–ğ—¼ğ—»ğ—±ğ—¼ ğ—¦ğ—®ğ—¹ğ—²ğ˜€ &amp; ğ—©ğ—®ğ—°ğ—®ğ˜ğ—¶ğ—¼ğ—» ğ—¥ğ—²ğ—»ğ˜ğ—®ğ—¹ğ˜€
https://t.co/EuiwPbRc3a

#Beach #Condoâ€¦ https://t.co/7EbIYEjlov",2020-02-18 00:10:20,
1229549242454163457,"We're hiring! Click to apply: Sales Associate - https://t.co/UPLF3xbvS4 #Retail #PanamaCityBeach, FL",2020-02-17 23:32:37,"[30.2181351, -85.8734751]"
1229547701106302976,RT @bash_bottle: Itâ€™s that time of year again to kick off the season with Spring Break 2020! #PCB #springbreak #springbreak2020 #panamacityâ€¦,2020-02-17 23:26:30,
1229528998633525256,RT @RickyLeePCB: Here are some strategies that could stack the deck in favor of getting your offer accepted. At least one may surprise you!â€¦,2020-02-17 22:12:11,
1229528937346326530,"Monday canâ€™t bring you down when you know thereâ€™s a juicy burger waiting for you at The Craft Bar ğŸ” #burgernight
.â€¦ https://t.co/Osebskc39i",2020-02-17 22:11:56,
1229526444293812224,Here are some strategies that could stack the deck in favor of getting your offer accepted. At least one may surpriâ€¦ https://t.co/XwZ7JkuNOX,2020-02-17 22:02:02,
1229520489879625730,RT @TejaiMoore: We all ran through the eight-fifty for years.. the city's biggest clubs and businessmen showed us so much love. #PanamaCityâ€¦,2020-02-17 21:38:22,
1229513341594472448,Start your week off right with an escape game!  #escapemanorpc #escapewithfriends #soclose #mondaymotivationâ€¦ https://t.co/lRQZXaIWV8,2020-02-17 21:09:58,
1229505605905387522,Itâ€™s that time of year again to kick off the season with Spring Break 2020! #PCB #springbreak #springbreak2020â€¦ https://t.co/yMdXWGJDoD,2020-02-17 20:39:14,
1229496251613372422,"RT @BarefootPCB: Barefoot On The Beach has officially REOPENED for the season!

Join us for $5 Margaritas today (and every Monday)!

#Panamâ€¦",2020-02-17 20:02:03,
1229493544282447872,"Barefoot On The Beach has officially REOPENED for the season!

Join us for $5 Margaritas today (and every Monday)!â€¦ https://t.co/2iSODPifPk",2020-02-17 19:51:18,
1229478277359820803,".
- Visit The Beach Traveler
https://t.co/0725woL5bX

#Beach #Condo #RealEstate
#GulfShores #OrangeBeachâ€¦ https://t.co/aPeumlBpQq",2020-02-17 18:50:38,
1229469817805180930,"RT @PromoNationwide: ğŸŒ´ The Leader in Spring Break Events ğŸŒ´

ğŸ”¥ Join The Most Lit Events in Panama City Beach ğŸ”¥

ğŸ”‘ Text ""PCB"" to 319.473.0885â€¦",2020-02-17 18:17:01,
1229469796204531713,".
- ğ—¢ğ˜„ğ—»ğ—¶ğ—»ğ—´ ğ—® ğ—–ğ—¼ğ—»ğ—±ğ—¼ 101
- ğ—ªğ—µğ—®ğ˜ ğ—¬ğ—¼ğ˜‚ ğ—¡ğ—²ğ—²ğ—± ğ˜ğ—¼ ğ—ğ—»ğ—¼ğ˜„
https://t.co/mSA7XrI3kQ

#Beach #Condo #RealEstate
#GulfShoresâ€¦ https://t.co/I209NJljfA",2020-02-17 18:16:56,
1229466637071503360,See a video tour of my #listing 5336 Hopetown Lane #PanamaCityBeach #FL  #realestate https://t.co/sZEr8WNn5U https://t.co/u0kldw64Uf,2020-02-17 18:04:23,
1229463711431168005,"In these divisive political times, we are united by gratitude for those who went before us, ensuring that our countâ€¦ https://t.co/3aOOcrNLEN",2020-02-17 17:52:45,
1229453222764535808,Get amtrak railway stations within 100 miles of #PanamaCityBeach  #UnitedStates https://t.co/G5YKx2lKll,2020-02-17 17:11:05,
1229450195185827842,"RT @PromoNationwide: ğŸŒ´ The Leader in Spring Break Events ğŸŒ´

ğŸ”¥ Join The Most Lit Events in Panama City Beach ğŸ”¥

ğŸ”‘ Text ""PCB"" to 319.473.0885â€¦",2020-02-17 16:59:03,
1229448165910368257,"ğŸŒ´ The Leader in Spring Break Events ğŸŒ´

ğŸ”¥ Join The Most Lit Events in Panama City Beach ğŸ”¥

ğŸ”‘ Text ""PCB"" to 319.473.0â€¦ https://t.co/d7lsfwmTZa",2020-02-17 16:50:59,
1229446259058016257,"ğŸŒ´ The Leader in Spring Break Events ğŸŒ´

ğŸ”¥ Join The Most Lit Events in Panama City Beach ğŸ”¥

ğŸ”‘ Text ""PCB"" to 319.473.0â€¦ https://t.co/83RoUB2Nmy",2020-02-17 16:43:24,
1229446050953428992,RT @TheOceanReef: Eau Naturale is a 4 bedroom beachfront vacation home in Carillon Beach... and it is selling out FAST!  Next week open isâ€¦,2020-02-17 16:42:35,
1229437010458202115,This girl needs more beach #rundisney #princesshalfmarathontraining #workinprogress #panamacitybeachâ€¦ https://t.co/90TcCPl1yT,2020-02-17 16:06:39,
1229434607105388546,Eau Naturale is a 4 bedroom beachfront vacation home in Carillon Beach... and it is selling out FAST!  Next week opâ€¦ https://t.co/teE6NbsKsE,2020-02-17 15:57:06,
1229418365028093953,".
- ğ—•ğ—²ğ—®ğ—°ğ—µ ğ—›ğ—¼ğ—ºğ—²ğ˜€ &amp; ğ—–ğ—¼ğ—»ğ—±ğ—¼ğ˜€ : ğ—©ğ—®ğ—°ğ—®ğ˜ğ—¶ğ—¼ğ—» ğ—¥ğ—²ğ—»ğ˜ğ—®ğ—¹s
- ğ—šğ˜‚ğ—¹ğ—³ ğ—¦ğ—µğ—¼ğ—¿ğ—²ğ˜€, ğ—¢ğ—¿ğ—®ğ—»ğ—´ğ—² ğ—•ğ—²ğ—®ğ—°ğ—µ, ğ—£ğ—²ğ—¿ğ—±ğ—¶ğ—±ğ—¼ ğ—ğ—²ğ˜† 
- Visit:â€¦ https://t.co/A6DKZp3xIK",2020-02-17 14:52:34,
1229418335290494977,".
- ğ—•ğ—²ğ—®ğ—°ğ—µ ğ—›ğ—¼ğ—ºğ—²ğ˜€ &amp; ğ—–ğ—¼ğ—»ğ—±ğ—¼ğ˜€ : ğ—©ğ—®ğ—°ğ—®ğ˜ğ—¶ğ—¼ğ—» ğ—¥ğ—²ğ—»ğ˜ğ—®ğ—¹s
- ğ—šğ˜‚ğ—¹ğ—³ ğ—¦ğ—µğ—¼ğ—¿ğ—²ğ˜€, ğ—¢ğ—¿ğ—®ğ—»ğ—´ğ—² ğ—•ğ—²ğ—®ğ—°ğ—µ, ğ—£ğ—²ğ—¿ğ—±ğ—¶ğ—±ğ—¼ ğ—ğ—²ğ˜† 
- Visit:â€¦ https://t.co/YhhySPetLU",2020-02-17 14:52:27,
1229407104328511488,Melt away fat the 'cool' way with #CoolSculpting! #Destin #PanamaCityBeach https://t.co/GzGSpjaqYE https://t.co/jCXRElSh2D,2020-02-17 14:07:49,
1229406488260751360,"RT @FloridasBeaches: .
- Panama City Beach Vacation Rentals &amp; Sales, Splash Condo
https://t.co/IjIN1qulOb

#PCB #PanamaCityBeach #Florida #â€¦",2020-02-17 14:05:22,
1229394069006290944,"Eres piel morena, canto de pasiÃ³n y arenağŸŒğŸ¶

#panamacitybeach #panamağŸ‡µğŸ‡¦ #panama #beachvibes #beachlife #goodvibes @â€¦ https://t.co/Gj0K7FVKEo",2020-02-17 13:16:01,"[8.35, -80.1333]"
1229391573273718785,"- ğ—¢ğ˜„ğ—»ğ—¶ğ—»ğ—´ ğ—® ğ—–ğ—¼ğ—»ğ—±ğ—¼ 101
- ğ—ªğ—µğ—®ğ˜ ğ—¬ğ—¼ğ˜‚ ğ—¡ğ—²ğ—²ğ—± ğ˜ğ—¼ ğ—ğ—»ğ—¼ğ˜„
https://t.co/zFSOe5cbGx
#Beach #Condo #RealEstate #GulfShoresâ€¦ https://t.co/uJUklCXHNA",2020-02-17 13:06:06,
1229390475947323397,"When you arrive at your vacation, we'll handle ALL of your shopping! https://t.co/7dc93u3KIS #condo #rentalâ€¦ https://t.co/cKxQlT6hr9",2020-02-17 13:01:45,
1229362871894708224,Amtrak railway stations within a radius of 200 miles of #PanamaCityBeach  #UnitedStates https://t.co/G5YKx2lKll,2020-02-17 11:12:03,
1229356842914058241,RT @cottage_green: #SEAGROVEBEACH #Destin #PanamaCitybeach #FortWalton #Miramar #MexicoBeach #Florida #StPetersburg #Tampa https://t.co/6e7â€¦,2020-02-17 10:48:06,
1229243666742628353,".
Visit: The Beach Network
https://t.co/EjzncoPI4a

#Beach #Condo #RealEstate
#GulfShores #OrangeBeach #PerdidoKeyâ€¦ https://t.co/vKmXgjFVal",2020-02-17 03:18:23,
1229240580494045186,".
- Visit: U.S. Beaches
https://t.co/94zF4TjqAF

#Beach #Condo #RealEstate
#GulfShores #OrangeBeach #PerdidoKeyâ€¦ https://t.co/zZSflGW2Fm",2020-02-17 03:06:07,
1229233650417487872,#pcblife #PanamaCityBeach https://t.co/WpXmzoHFEH,2020-02-17 02:38:34,
1229233214755147776,#pcblife #PanamaCityBeach https://t.co/ePnnNxI4uN,2020-02-17 02:36:51,
1229233028850995201,".
- Visit: U.S. Beach Network
https://t.co/VjY3esrOOy

#Beach #Condo #RealEstate
#GulfShores #OrangeBeachâ€¦ https://t.co/1yJAJFGyXQ",2020-02-17 02:36:06,
1229229079032991744,"- ğ—¢ğ˜„ğ—»ğ—¶ğ—»ğ—´ ğ—® ğ—–ğ—¼ğ—»ğ—±ğ—¼ 101
- ğ—ªğ—µğ—®ğ˜ ğ—¬ğ—¼ğ˜‚ ğ—¡ğ—²ğ—²ğ—± ğ˜ğ—¼ ğ—ğ—»ğ—¼ğ˜„...
https://t.co/mSA7XrI3kQ
#Beach #Condo #RealEstate #GulfShoresâ€¦ https://t.co/cTxhsCia2v",2020-02-17 02:20:25,
1229226550421262336,"- ğ—¢ğ˜„ğ—»ğ—¶ğ—»ğ—´ ğ—® ğ—–ğ—¼ğ—»ğ—±ğ—¼ 101
- ğ—ªğ—µğ—®ğ˜ ğ—¬ğ—¼ğ˜‚ ğ—¡ğ—²ğ—²ğ—± ğ˜ğ—¼ ğ—ğ—»ğ—¼ğ˜„...
https://t.co/i2Xnng5s76
#Beach #Condo #RealEstate #GulfShoresâ€¦ https://t.co/6BuyDVGHog",2020-02-17 02:10:22,
1229226487439601664,"- ğ—¡ğ—˜ğ—ª ğ—Ÿğ—¶ğ˜€ğ˜ğ—¶ğ—»ğ—´ğ˜€: ğ—•ğ—²ğ—®ğ—°ğ—µ ğ—›ğ—¼ğ˜‚ğ˜€ğ—²ğ˜€ &amp; ğ—–ğ—¼ğ—»ğ—±ğ—¼ğ˜€
- ğ—šğ˜‚ğ—¹ğ—³ ğ—¦ğ—µğ—¼ğ—¿ğ—²ğ˜€ Â· ğ—¢ğ—¿ğ—®ğ—»ğ—´ğ—² ğ—•ğ—²ğ—®ğ—°ğ—µ Â· ğ—£ğ—²ğ—¿ğ—±ğ—¶ğ—±ğ—¼ ğ—ğ—²ğ˜†
- Visit: https://t.co/taoEuZYvj3â€¦ https://t.co/kQwjQ1mDv7",2020-02-17 02:10:07,
1229221520741892096,"- ğ—¢ğ˜„ğ—»ğ—¶ğ—»ğ—´ ğ—® ğ—–ğ—¼ğ—»ğ—±ğ—¼ 101
- ğ—ªğ—µğ—®ğ˜ ğ—¬ğ—¼ğ˜‚ ğ—¡ğ—²ğ—²ğ—± ğ˜ğ—¼ ğ—ğ—»ğ—¼ğ˜„...
https://t.co/zFSOe5cbGx
#Beach #Condo #RealEstate #GulfShoresâ€¦ https://t.co/mlBepMDoFj",2020-02-17 01:50:23,
1229218999768113153,"- ğ—¢ğ˜„ğ—»ğ—¶ğ—»ğ—´ ğ—® ğ—–ğ—¼ğ—»ğ—±ğ—¼ 101
- ğ—ªğ—µğ—®ğ˜ ğ—¬ğ—¼ğ˜‚ ğ—¡ğ—²ğ—²ğ—± ğ˜ğ—¼ ğ—ğ—»ğ—¼ğ˜„...
https://t.co/diON3ZW47R
#Beach #Condo #RealEstate #GulfShoresâ€¦ https://t.co/ow5fEbVnjr",2020-02-17 01:40:21,
1229122116345307136,@Tiogar @EW @backstreetboys @jimmyfallon @OfficialSisQo #SpringBreak2000 #PanamaCityBeach,2020-02-16 19:15:23,
1229118985125449729,#pcblife #PanamaCityBeach https://t.co/mPmAappkcA,2020-02-16 19:02:56,
1229115853368709121,".
- Visit: Panama City Beach Florida Condos
https://t.co/7csXlaPy1a

#PCB #PanamaCityBeach #Florida #Beach #Condoâ€¦ https://t.co/tGZJuE8qGQ",2020-02-16 18:50:29,
1229101247984283648,".
- ğ—•ğ—²ğ—®ğ—°ğ—µ ğ—›ğ—¼ğ—ºğ—²ğ˜€ &amp; ğ—–ğ—¼ğ—»ğ—±ğ—¼ğ˜€ : ğ—©ğ—®ğ—°ğ—®ğ˜ğ—¶ğ—¼ğ—» ğ—¥ğ—²ğ—»ğ˜ğ—®ğ—¹s
- ğ—šğ˜‚ğ—¹ğ—³ ğ—¦ğ—µğ—¼ğ—¿ğ—²ğ˜€, ğ—¢ğ—¿ğ—®ğ—»ğ—´ğ—² ğ—•ğ—²ğ—®ğ—°ğ—µ, ğ—£ğ—²ğ—¿ğ—±ğ—¶ğ—±ğ—¼ ğ—ğ—²ğ˜† 
- Visit:â€¦ https://t.co/e7SaADrvNQ",2020-02-16 17:52:27,
1229100171998437377,".
- ğ—¡ğ—˜ğ—ª ğ—Ÿğ—¶ğ˜€ğ˜ğ—¶ğ—»ğ—´ğ˜€: ğ—•ğ—²ğ—®ğ—°ğ—µ ğ—›ğ—¼ğ˜‚ğ˜€ğ—²ğ˜€ &amp; ğ—–ğ—¼ğ—»ğ—±ğ—¼ğ˜€
- ğ—šğ˜‚ğ—¹ğ—³ ğ—¦ğ—µğ—¼ğ—¿ğ—²ğ˜€ Â· ğ—¢ğ—¿ğ—®ğ—»ğ—´ğ—² ğ—•ğ—²ğ—®ğ—°ğ—µ Â· ğ—£ğ—²ğ—¿ğ—±ğ—¶ğ—±ğ—¼ ğ—ğ—²ğ˜†
https://t.co/FDNDTgoK2d

#Beachâ€¦ https://t.co/NzdhpLgoTJ",2020-02-16 17:48:11,
1229095138921676806,".
- Panama City Beach Vacation Rentals &amp; Sales, Splash Condo
https://t.co/IjIN1qulOb

#PCB #PanamaCityBeachâ€¦ https://t.co/MCnsk4x9kW",2020-02-16 17:28:11,
1229074091744755712,"Don't submit then quit. Apply for jobs like ""Support Technician"" at Dave &amp; Buster's, then look for people you mightâ€¦ https://t.co/jeculnQQji",2020-02-16 16:04:33,"[30.2181351, -85.8734751]"
1229054941307731968,I am looking for a buyer on 3701 Lee Street A &amp; B #PanamaCityBeach #FL  #realestate https://t.co/jazD6SuvMx https://t.co/O6eFzX1PfE,2020-02-16 14:48:27,
1229050238566096897,RT @funinraleigh: #vacation at #panamacitybeach has begun with @LifestyleWives in a new #bikini https://t.co/F4b3vPvAeO,2020-02-16 14:29:46,
1229049335595311104,".
- ğ—šğ˜‚ğ—¹ğ—³ ğ—¦ğ—µğ—¼ğ—¿ğ—²ğ˜€, ğ—¢ğ—¿ğ—®ğ—»ğ—´ğ—² ğ—•ğ—²ğ—®ğ—°ğ—µ, ğ—£ğ—²ğ—¿ğ—±ğ—¶ğ—±ğ—¼ ğ—ğ—²ğ˜† ğ—–ğ—¼ğ—»ğ—±ğ—¼ ğ—¦ğ—®ğ—¹ğ—²ğ˜€ &amp; ğ—©ğ—®ğ—°ğ—®ğ˜ğ—¶ğ—¼ğ—» ğ—¥ğ—²ğ—»ğ˜ğ—®ğ—¹ğ˜€
https://t.co/gtTtLT1h2I

#Beach #Condoâ€¦ https://t.co/8NmSbV6E9c",2020-02-16 14:26:10,
1229045420304846848,".
- ğ—šğ˜‚ğ—¹ğ—³ ğ—¦ğ—µğ—¼ğ—¿ğ—²ğ˜€, ğ—¢ğ—¿ğ—®ğ—»ğ—´ğ—² ğ—•ğ—²ğ—®ğ—°ğ—µ, ğ—£ğ—²ğ—¿ğ—±ğ—¶ğ—±ğ—¼ ğ—ğ—²ğ˜† ğ—›ğ—¼ğ—ºğ—² ğ—¦ğ—®ğ—¹ğ—²ğ˜€ &amp; ğ—©ğ—®ğ—°ğ—®ğ˜ğ—¶ğ—¼ğ—» ğ—¥ğ—²ğ—»ğ˜ğ—®ğ—¹ğ˜€
https://t.co/5C1E0kTPVD

#Beach #Condoâ€¦ https://t.co/mNFvLwwhXa",2020-02-16 14:10:37,
1229040308635291649,".
- ğ—¢ğ˜„ğ—»ğ—¶ğ—»ğ—´ ğ—® ğ—–ğ—¼ğ—»ğ—±ğ—¼ 101
- ğ—ªğ—µğ—®ğ˜ ğ—¬ğ—¼ğ˜‚ ğ—¡ğ—²ğ—²ğ—± ğ˜ğ—¼ ğ—ğ—»ğ—¼ğ˜„
https://t.co/diON3ZW47R

#Beach #Condo #RealEstate
#GulfShoresâ€¦ https://t.co/ft4XUoYHwG",2020-02-16 13:50:18,
1229037147971366912,"#wheresgeorge -- My dollar bill was just found in Panama City Beach,FL https://t.co/gONTG8tDag #PanamaCityBeach",2020-02-16 13:37:45,
1229032826688942087,".
- ğ—¢ğ˜„ğ—»ğ—¶ğ—»ğ—´ ğ—® ğ—–ğ—¼ğ—»ğ—±ğ—¼ 101 ...
- ğ—ªğ—µğ—®ğ˜ ğ—¬ğ—¼ğ˜‚ ğ—¡ğ—²ğ—²ğ—± ğ˜ğ—¼ ğ—ğ—»ğ—¼ğ˜„
https://t.co/mSA7XrI3kQ

#Beach #Condo #RealEstate
#GulfShoresâ€¦ https://t.co/09WMHQrKI2",2020-02-16 13:20:34,
1229028701599412226,"- ğ—¡ğ—˜ğ—ª ğ—Ÿğ—¶ğ˜€ğ˜ğ—¶ğ—»ğ—´ğ˜€: ğ—•ğ—²ğ—®ğ—°ğ—µ ğ—›ğ—¼ğ˜‚ğ˜€ğ—²ğ˜€ &amp; ğ—–ğ—¼ğ—»ğ—±ğ—¼ğ˜€
- ğ—šğ˜‚ğ—¹ğ—³ ğ—¦ğ—µğ—¼ğ—¿ğ—²ğ˜€ Â· ğ—¢ğ—¿ğ—®ğ—»ğ—´ğ—² ğ—•ğ—²ğ—®ğ—°ğ—µ Â· ğ—£ğ—²ğ—¿ğ—±ğ—¶ğ—±ğ—¼ ğ—ğ—²ğ˜†
- https://t.co/CNCi7Cp2IO
#Beachâ€¦ https://t.co/Q2WPPwJouz",2020-02-16 13:04:11,
1229026669568176128,".
- ğ—¢ğ˜„ğ—»ğ—¶ğ—»ğ—´ ğ—® ğ—–ğ—¼ğ—»ğ—±ğ—¼ 101 ...
- ğ—ªğ—µğ—®ğ˜ ğ—¬ğ—¼ğ˜‚ ğ—¡ğ—²ğ—²ğ—± ğ˜ğ—¼ ğ—ğ—»ğ—¼ğ˜„
https://t.co/i2Xnng5s76

#Beach #Condo #RealEstate
#GulfShoresâ€¦ https://t.co/oIKnJ2fBnu",2020-02-16 12:56:06,
1228921980583198720,#Hotel Deals in #PanamaCityBeach #TopoftheGulfbyEmeraldViewManagement starting at USD83.99 https://t.co/vskR3fE9ih https://t.co/CVZ8BbHHU4,2020-02-16 06:00:07,
1228871148013858819,"- Visit: Gulf Coast Beach MLS
- https://t.co/tOmD4VEfWc
#Beach #Condo #RealEstate #GulfShores #OrangeBeachâ€¦ https://t.co/t7K9FXQRiz",2020-02-16 02:38:07,
1228869231523041280,"- Visit: The Beach MLS : Condos &amp; Homes
- https://t.co/6edvZfGX3J
#Beach #Condo #RealEstate #GulfShoresâ€¦ https://t.co/pAXWOirUuN",2020-02-16 02:30:30,
1228856601764933632,".
- ğ—¢ğ˜„ğ—»ğ—¶ğ—»ğ—´ ğ—® ğ—–ğ—¼ğ—»ğ—±ğ—¼ 101 ...
- ğ—ªğ—µğ—®ğ˜ ğ—¬ğ—¼ğ˜‚ ğ—¡ğ—²ğ—²ğ—± ğ˜ğ—¼ ğ—ğ—»ğ—¼ğ˜„
https://t.co/i2Xnng5s76

#Beach #Condo #RealEstate
#GulfShoresâ€¦ https://t.co/fPr67E6jEy",2020-02-16 01:40:19,
1228854175016144897,".
- ğ—¢ğ˜„ğ—»ğ—¶ğ—»ğ—´ ğ—® ğ—–ğ—¼ğ—»ğ—±ğ—¼ 101 ...
- ğ—ªğ—µğ—®ğ˜ ğ—¬ğ—¼ğ˜‚ ğ—¡ğ—²ğ—²ğ—± ğ˜ğ—¼ ğ—ğ—»ğ—¼ğ˜„
https://t.co/zFSOe5cbGx

#Beach #Condo #RealEstate
#GulfShoresâ€¦ https://t.co/D1upO4bJhf",2020-02-16 01:30:40,
1228835451273908225,"- ğ—šğ˜‚ğ—¹ğ—³ ğ—¦ğ—µğ—¼ğ—¿ğ—²ğ˜€, ğ—¢ğ—¿ğ—®ğ—»ğ—´ğ—² ğ—•ğ—²ğ—®ğ—°ğ—µ &amp; ğ—£ğ—²ğ—¿ğ—±ğ—¶ğ—±ğ—¼ ğ—ğ—²ğ˜† 
- ğ—›ğ—¼ğ—ºğ—² ğ—¦ğ—®ğ—¹ğ—²ğ˜€ &amp; ğ—©ğ—®ğ—°ğ—®ğ˜ğ—¶ğ—¼ğ—» ğ—¥ğ—²ğ—»ğ˜ğ—®ğ—¹ğ˜€
- https://t.co/Bcce29oJGj

#Beach #Condoâ€¦ https://t.co/HVVSuMfhlJ",2020-02-16 00:16:16,
1228756415499640833,".
- Visit: U.S. Beaches
https://t.co/Qm9ufIXCUA

#Beach #Condo #RealEstate
#GulfShores #OrangeBeach #PerdidoKeyâ€¦ https://t.co/Q6DXPklueJ",2020-02-15 19:02:13,
1228756072934117378,".
- ğ—šğ˜‚ğ—¹ğ—³ ğ—¦ğ—µğ—¼ğ—¿ğ—²ğ˜€, ğ—¢ğ—¿ğ—®ğ—»ğ—´ğ—² ğ—•ğ—²ğ—®ğ—°ğ—µ, ğ—£ğ—²ğ—¿ğ—±ğ—¶ğ—±ğ—¼ ğ—ğ—²ğ˜† ğ—–ğ—¼ğ—»ğ—±ğ—¼ ğ—¦ğ—®ğ—¹ğ—²ğ˜€ &amp; ğ—©ğ—®ğ—°ğ—®ğ˜ğ—¶ğ—¼ğ—» ğ—¥ğ—²ğ—»ğ˜ğ—®ğ—¹ğ˜€
https://t.co/gtTtLT1h2I

#Beach #Condoâ€¦ https://t.co/2iCqQYJ0CR",2020-02-15 19:00:51,
1228752482882461698,".
- Visit: U.S. Beach Network
https://t.co/3MwNn1Ge0t

#Beach #Condo #RealEstate
#GulfShores #OrangeBeachâ€¦ https://t.co/A2o7HB810r",2020-02-15 18:46:35,
1228752383989231616,".
- ğ—šğ˜‚ğ—¹ğ—³ ğ—¦ğ—µğ—¼ğ—¿ğ—²ğ˜€, ğ—¢ğ—¿ğ—®ğ—»ğ—´ğ—² ğ—•ğ—²ğ—®ğ—°ğ—µ, ğ—£ğ—²ğ—¿ğ—±ğ—¶ğ—±ğ—¼ ğ—ğ—²ğ˜† ğ—›ğ—¼ğ—ºğ—² ğ—¦ğ—®ğ—¹ğ—²ğ˜€ &amp; ğ—©ğ—®ğ—°ğ—®ğ˜ğ—¶ğ—¼ğ—» ğ—¥ğ—²ğ—»ğ˜ğ—®ğ—¹ğ˜€
https://t.co/Bcce29oJGj

#Beach #Condoâ€¦ https://t.co/p5nK1h7Dwq",2020-02-15 18:46:12,
1228747356255981572,".
- ğ—¢ğ˜„ğ—»ğ—¶ğ—»ğ—´ ğ—® ğ—–ğ—¼ğ—»ğ—±ğ—¼ 101
- ğ—ªğ—µğ—®ğ˜ ğ—¬ğ—¼ğ˜‚ ğ—¡ğ—²ğ—²ğ—± ğ˜ğ—¼ ğ—ğ—»ğ—¼ğ˜„
https://t.co/i2Xnng5s76

#Beach #Condo #RealEstate
#GulfShoresâ€¦ https://t.co/OMxzhMJLV2",2020-02-15 18:26:13,
1228743890825404418,". NEW LISTINGS .
- Beach Homes &amp; Condos
- Gulf Shores, Orange Beach, Perdido Key 
- Visit: https://t.co/taoEv0g6aBâ€¦ https://t.co/B2T2axiOEh",2020-02-15 18:12:27,
1228743874677542912,". NEW LISTINGS .
- Beach Homes &amp; Condos
- Gulf Shores, Orange Beach, Perdido Key 
- Visit: https://t.co/FDNDTgoK2dâ€¦ https://t.co/G4wTyZGLBA",2020-02-15 18:12:23,
1228739812783464453,".
- ğ—¢ğ˜„ğ—»ğ—¶ğ—»ğ—´ ğ—® ğ—–ğ—¼ğ—»ğ—±ğ—¼ 101
- ğ—ªğ—µğ—®ğ˜ ğ—¬ğ—¼ğ˜‚ ğ—¡ğ—²ğ—²ğ—± ğ˜ğ—¼ ğ—ğ—»ğ—¼ğ˜„...
https://t.co/diON3ZW47R

#Beach #Condo #RealEstate
#GulfShoresâ€¦ https://t.co/hFzeNCZAg8",2020-02-15 17:56:14,
1228732736262885376,".
- Panama City Beach Vacation Rentals &amp; Sales, Splash Condo
https://t.co/x5BLBRRaFN

#PCB #PanamaCityBeachâ€¦ https://t.co/Yj2tEE3kzx",2020-02-15 17:28:07,
1229791595341414400,Saratoga Medical has an immediate opening for a Licensed Clinical Social Worker to work on Tyndall Air Force Base iâ€¦ https://t.co/jpsWyOmtzc,2020-02-18 15:35:39,
1229513341594472448,Start your week off right with an escape game!  #escapemanorpc #escapewithfriends #soclose #mondaymotivationâ€¦ https://t.co/lRQZXaIWV8,2020-02-17 21:09:58,
1228731512725569541,Who ğŸ’• bad ass shotguns ? ğŸ™‹â€â™‚ï¸#raiseup #shotgun #blackacestactical #homesteadstore #gunsofinstagramâ€¦ https://t.co/gBc0MfZcdJ,2020-02-15 17:23:16,
1229811888894173186,"Apparently, @flagstar supervisors are as rare as hen's teeth. When I ask to speak with one, none are available. Oh,â€¦ https://t.co/IlyRCFBSpn",2020-02-18 16:56:17,
1229796903539367941,"Since Bloomberg has money to throw around- how about #850Strong hurricane disaster area? 

Mini Mike can help whereâ€¦ https://t.co/IfcabiSLPN",2020-02-18 15:56:44,
1229417733793685504,"If your actions inspire you to dream more, learn more and become more, you are a leader.  Happy President's Day!â€¦ https://t.co/4wVw5yOPOs",2020-02-17 14:50:03,
1229413690543308800,"Amazing 2 bedroom waterfront condo in the historic Cove in Panama City, Florida.  Call us today to schedule your prâ€¦ https://t.co/SlKys63Orr",2020-02-17 14:33:59,
1229340842848026626,"@amyhoyt13 @680TheFan You're as FABULOUS as ever AMY!  a true hero in our hometown... GREAT to see you, gorgeous woman! @WMBBTV #850Strong",2020-02-17 09:44:31,
1229200525968756736,@BuschBeer Thank you Busch Beer!!! I have hope at a chance in winning your fabulous sweepstakes and need it bad nowâ€¦ https://t.co/ryBlXXm5d6,2020-02-17 00:26:57,
1228959428944089090,RT @321FlaKeys: Just so We don't forget #850Strong https://t.co/dxCvpFJ285,2020-02-16 08:28:55,
1228821060696657925,They need it!! #850Strong https://t.co/Atth5gbMfc,2020-02-15 23:19:05,
1228312678239789056,#850Strong https://t.co/vHnNUM6VH1,2020-02-14 13:38:58,
1228061179190398978,Itâ€™s so nice seeing real post-hurricane progress around town. All of these new roofs and renovated houses are are aâ€¦ https://t.co/dE1fVeC7nb,2020-02-13 20:59:36,
1227774401380339712,Jonathon Patino is the week's 850Strong Student of the Week. Check out his story: https://t.co/m3CGm7mkMx,2020-02-13 02:00:02,
1227638898609795072,"One thing we love about the #Reconstruction business are the happy endings. Providing a quality, safe, beautiful prâ€¦ https://t.co/UtR2Xi6SHq",2020-02-12 17:01:36,
1227294720763793408,https://t.co/3Op5K7GZx9 : Furnished Townhome near beach under $200k! Visit my app for details and possibly save onâ€¦ https://t.co/kPhvVbWOef,2020-02-11 18:13:58,
1227292774602596352,https://t.co/pal7Tao7Hl : Furnished Townhome available near the beach! Ask about how you can save thousands on closâ€¦ https://t.co/xixXSQK4tg,2020-02-11 18:06:14,
1229918819730231296,@GulfPower Is your website down?  I am trying to pay my bill and I haven't been able to log on all day,2020-02-19 00:01:12,
1229903420561281025,It's always challenging to highlight one or two people who influence a generation. Check outâ€¦ https://t.co/i1uk1hz2WB,2020-02-18 23:00:00,
1229853501892763651,"RT @GulfPower: Join us Feb. 27-28 to ""See Beyond"" at the 2020 Economic Symposium at Sandestin Golf &amp; Beach Resort. The annual Economic Sympâ€¦",2020-02-18 19:41:39,
1229842596446507010,"RT @GulfPower: Be on the lookoutâš ï¸, we're getting reports of scammers! Please know we will NEVER threaten to cut your power immediately, orâ€¦",2020-02-18 18:58:19,
1229827929066090496,"Be on the lookoutâš ï¸, we're getting reports of scammers! Please know we will NEVER threaten to cut your power immediâ€¦ https://t.co/lHP0kX116x",2020-02-18 18:00:02,
1229782631405015040,We're embracing technology by using drones to perform equipment assessments on overhead power lines to help provideâ€¦ https://t.co/8fiShS9v48,2020-02-18 15:00:02,
1229541036302753792,It's one of the easiest things you can do to help manage your energy bill. ğŸ’¡ ğŸ’¡ Change those filters whenever necessâ€¦ https://t.co/FRx3cdnh16,2020-02-17 23:00:01,
1229521462291243013,"RT @GulfPower: Join us Feb. 27-28 to ""See Beyond"" at the 2020 Economic Symposium at Sandestin Golf &amp; Beach Resort. The annual Economic Sympâ€¦",2020-02-17 21:42:14,
1229480643089850369,"Join us Feb. 27-28 to ""See Beyond"" at the 2020 Economic Symposium at Sandestin Golf &amp; Beach Resort. The annual Econâ€¦ https://t.co/w9p5YG18B7",2020-02-17 19:00:02,
1229420244374032384,"Well, thanks to George Washington, it's a federal holiday! It started as a day of remembrance in 1799. It became ofâ€¦ https://t.co/qqIqZd8Xlj",2020-02-17 15:00:02,
1229419244808556545,@GulfPower I figured it out. Thanks,2020-02-17 14:56:04,
1229418580237783046,@JNitterauer Hi Jim. Were you able to access your online account?  If you are still experiencing any issues with thâ€¦ https://t.co/kU1Ra2jpGw,2020-02-17 14:53:25,
1229245172149575680,"@GulfPower @WMBBTV @weartv 
The more awareness we bring, support and share, I believe we can assist law enforcementâ€¦ https://t.co/EX9LMCwSU4",2020-02-17 03:24:21,
1229163548724670465,"Florida law requires you to Move Over a lane â€” when you can safely do so â€” for stopped law enforcement, emergency,â€¦ https://t.co/BSQHRpK1J0",2020-02-16 22:00:01,
1229119196895830016,"RT @GulfPower: Be on the lookoutâš ï¸, we're getting reports of scammers! Please know we will NEVER threaten to cut your power immediately, orâ€¦",2020-02-16 19:03:47,
1229118720099934208,"RT @GulfPower: Be on the lookoutâš ï¸, we're getting reports of scammers! Please know we will NEVER threaten to cut your power immediately, orâ€¦",2020-02-16 19:01:53,
1229118710868254720,"RT @GulfPower: Be on the lookoutâš ï¸, we're getting reports of scammers! Please know we will NEVER threaten to cut your power immediately, orâ€¦",2020-02-16 19:01:51,
1229088055866339328,"Be on the lookoutâš ï¸, we're getting reports of scammers! Please know we will NEVER threaten to cut your power immediâ€¦ https://t.co/uTOoVSU1qO",2020-02-16 17:00:02,
1228860855296708608,"RT @GulfPower: Join us Feb. 27-28 to ""See Beyond"" at the 2020 Economic Symposium at Sandestin Golf &amp; Beach Resort. The annual Economic Sympâ€¦",2020-02-16 01:57:13,
1228801160892604417,Let us brighten up your night and help you with your outdoor lighting needs. https://t.co/oA0P9PUkev https://t.co/JLgH43PbAp,2020-02-15 22:00:01,
1228740060574560269,"RT @GulfPower: Join us Feb. 27-28 to ""See Beyond"" at the 2020 Economic Symposium at Sandestin Golf &amp; Beach Resort. The annual Economic Sympâ€¦",2020-02-15 17:57:13,
1228731012068380672,@GulfPower What is going on with your online payment system? First I get redirects from the Gulf Power web site (doâ€¦ https://t.co/taulUtoVY5,2020-02-15 17:21:16,
1228727964285767680,"RT @GulfPower: Join us Feb. 27-28 to ""See Beyond"" at the 2020 Economic Symposium at Sandestin Golf &amp; Beach Resort. The annual Economic Sympâ€¦",2020-02-15 17:09:10,
1228725666100731905,"Join us Feb. 27-28 to ""See Beyond"" at the 2020 Economic Symposium at Sandestin Golf &amp; Beach Resort. The annual Econâ€¦ https://t.co/ZkPu13FExM",2020-02-15 17:00:02,
1228690117696593920,RT @GulfPower: We're embracing technology by using drones to perform equipment assessments on overhead power lines to help provide even morâ€¦,2020-02-15 14:38:46,
1228453916502896640,Our thanks go out to @GulfPower for always supporting our work to help those with epilepsy and for being a loyal spâ€¦ https://t.co/GBbwvhTqXv,2020-02-14 23:00:11,
1228453871397326883,We're embracing technology by using drones to perform equipment assessments on overhead power lines to help provideâ€¦ https://t.co/IoZS2DCU6M,2020-02-14 23:00:01,
1228397973400424448,@DidiNoLastName Hi. Budget bill is designed to level out your bill from the seasonal highs and lows. The amount mayâ€¦ https://t.co/GptQ6xuHIK,2020-02-14 19:17:54,
1228378382100025345,"Weather turned a little chillier with the rain moving out of our area. Make sure to stay warm, but be careful withâ€¦ https://t.co/xh90RiFFc8",2020-02-14 18:00:03,
1228333081632935936,"While you enjoy those flowers or chocolates, here's a few facts about today. Did you know we can blame Cadbury forâ€¦ https://t.co/KsIwGYkEw3",2020-02-14 15:00:02,
1228095259206463488,Let us brighten up your night and help you with your outdoor lighting needs. https://t.co/oA0P9PUkev https://t.co/lrF3lpkDBl,2020-02-13 23:15:01,
1228015986995056640,"Thanks to Hancock Whitney, one of our incredible sponsors for this year's Economic Symposium. Join us Feb. 27-28 toâ€¦ https://t.co/aoaCs5nofU",2020-02-13 18:00:01,
1227990723171094531,"RT @GulfPower: Be on the lookoutâš ï¸, we're getting reports of scammers! Please know we will NEVER threaten to cut your power immediately, orâ€¦",2020-02-13 16:19:38,
1227986951493607424,#gulfpower these folks are jerks and they lie donâ€™t trust Gulf Power!,2020-02-13 16:04:38,
1227970690600620033,"Be on the lookoutâš ï¸, we're getting reports of scammers! Please know we will NEVER threaten to cut your power immediâ€¦ https://t.co/T2yzRqeso2",2020-02-13 15:00:01,
1227733449320095749,@GulfPower If you really wanna show me some love..you could tell me where 'My Power Usage'/ 'Recent Usage' link isâ€¦ https://t.co/CDBvSNGEnr,2020-02-12 23:17:19,
1227729096702152706,"Florida is considered the lightning capital of the U.S., with 70-100 thunderstorms producing about 3,500 lightningâ€¦ https://t.co/zywHMXzZUX",2020-02-12 23:00:01,
1227653600312254464,"Ceiling fans are a great way to cool a room, or circulate heat, and save a few ğŸ’µ ğŸ’µ ğŸ’µ Just make sure to only use theâ€¦ https://t.co/xWBfZkmEtn",2020-02-12 18:00:01,
1227650439967014912,RT @FlaEduFoundtns: Thanks @WKRG for sharing this important work made possible by @GulfPower. We are proud to be a part of this project.â€¦,2020-02-12 17:47:28,
1227608303326433280,"Everyone says you don't have to get me anything, but people still bought more than 36 million heart-shaped boxes ofâ€¦ https://t.co/3YfWLIdn4j",2020-02-12 15:00:02,
1227607091117993986,Thanks @WKRG for sharing this important work made possible by @GulfPower. We are proud to be a part of this projectâ€¦ https://t.co/V2i5H7dHz8,2020-02-12 14:55:13,
1227585545229996034,@NationalEnergy_ @9003310419 @NationalEnergy4 @NECC_Energy @NextEraEnergyR @nexteraenergy @GulfPowerâ€¦ https://t.co/v9L1XsvZRi,2020-02-12 13:29:36,
1227381809228460033,Let us brighten up your night and help you with your outdoor lighting needs. https://t.co/oA0P9PUkev https://t.co/RZt5jjX7dj,2020-02-12 00:00:01,
1227321413704540160,Members of our Gulf Power Supply Chain team participated in a Supplier Diversity Exchange sponsored by the City ofâ€¦ https://t.co/W0qzDJ56Qw,2020-02-11 20:00:02,
1227291216527659009,"Florida law requires you to Move Over a lane â€” when you can safely do so â€” for stopped law enforcement, emergency,â€¦ https://t.co/y3meS9CdaS",2020-02-11 18:00:02,
1227285316815540230,"RT @GulfPower: Join us Feb. 27-28 to ""See Beyond"" at the 2020 Economic Symposium at Sandestin Golf &amp; Beach Resort. The annual Economic Sympâ€¦",2020-02-11 17:36:36,
1227245913678254080,"Join us Feb. 27-28 to ""See Beyond"" at the 2020 Economic Symposium at Sandestin Golf &amp; Beach Resort. The annual Econâ€¦ https://t.co/5tCaIa5hGG",2020-02-11 15:00:01,
1227004323072270337,"Florida is considered the lightning capital of the U.S., with 70-100 thunderstorms producing about 3,500 lightningâ€¦ https://t.co/vGOLdfWuUF",2020-02-10 23:00:01,
1226943922548756481,You can spend a lot of ğŸ’µ ğŸ’µ ğŸ’µ on energy in areas other than heating or your water heater. Check your fridge and freeâ€¦ https://t.co/cxaDwCGvfO,2020-02-10 19:00:01,
1226890211965186049,"RT @GulfPower: Be on the lookoutâš ï¸, we're getting reports of scammers! Please know we will NEVER threaten to cut your power immediately, orâ€¦",2020-02-10 15:26:35,
1226883529633652736,"Be on the lookoutâš ï¸, we're getting reports of scammers! Please know we will NEVER threaten to cut your power immediâ€¦ https://t.co/lrCkczFF88",2020-02-10 15:00:02,
1226626833992572928,Let us brighten up your night and help you with your outdoor lighting needs. https://t.co/oA0P9PUkev https://t.co/hhkHjkUFgT,2020-02-09 22:00:01,
1226551337904754689,"Thanks to Beggs &amp; Lane, one of our incredible sponsors for this year's Economic Symposium. Join us Feb. 27-28 to ""Sâ€¦ https://t.co/pv6Vy8EHPd",2020-02-09 17:00:01,
1229593452112941056,@MathewCherniaw2 @RDubya187 @roysebag wow..were practically neighbors...BayCounty,2020-02-18 02:28:18,
1229460044590321665,RT @BGCBayFL: @GCSC1957 is offering FREE dental exams for kids ages 3-17 this week! Just call for an appointment at the Kidz Klinic - infoâ€¦,2020-02-17 17:38:11,
1229452082371010560,@GCSC1957 is offering FREE dental exams for kids ages 3-17 this week! Just call for an appointment at the Kidz Klinâ€¦ https://t.co/uksJ5NzV7V,2020-02-17 17:06:33,
1228077793457688576,"We also need to recognize the @FloridaEDC for #FLEconDevWeek20
.
.
.
#FEDC #CareerSourceGC #EconDevelopmentâ€¦ https://t.co/OeYb5HVXcS",2020-02-13 22:05:37,
1228053519573360640,"When school is out, the Club is in! The CC Moore, Chapman, and Beach Clubs will be open from 7:30am-5:30pm on Mondaâ€¦ https://t.co/ujfCFFoI6c",2020-02-13 20:29:09,
1227377151974027266,RT @DeltaCollegiate: BREAKING: The Bay County board of commissioners voted 6-1 to reaffirm their support of the U.S. and state constitutionâ€¦,2020-02-11 23:41:31,
1227360631520681985,BREAKING: The Bay County board of commissioners voted 6-1 to reaffirm their support of the U.S. and state constitutâ€¦ https://t.co/RJzDxtYnZf,2020-02-11 22:35:52,
1227312146738008065,Our #BayCounty officials never rest when it comes to #HurricaneMichael recovery. Couldnâ€™t ask for any better peopleâ€¦ https://t.co/vYLm3Ztzxr,2020-02-11 19:23:12,
1227291210374467585,"We can't celebrate #FLEconDevWeek20 without first recognizing the @BayEDA

Becca, Garrett &amp; Polly work hard to promâ€¦ https://t.co/3BbTfiCH9g",2020-02-11 18:00:01,
1227248357904723970,"VITA is open today!  Thank you @UWNWFL for making this FREE service possible!
#BGCBAYFL #BayCounty #PanamaCityâ€¦ https://t.co/moNkGdraHg",2020-02-11 15:09:44,
1229892895529996289,"RT @DrBArmstrong: @inspectorplanet @UF @ufalumni @UFESSIE @UFWertheim #FloridaStrong

Together weâ€™re all better!",2020-02-18 22:18:11,
1229611773818482688,"@inspectorplanet @UF @ufalumni @UFESSIE @UFWertheim #FloridaStrong

Together weâ€™re all better!",2020-02-18 03:41:06,
1228481837833560064,"On this day, 2 years ago, 17 lives were lost at the hands of a heartless individual 

RIP you beautiful souls â¤ï¸

ğŸ•¯â€¦ https://t.co/M9g8Quogte",2020-02-15 00:51:08,
1228396977445949440,@murrayb560sl #sinkholes and #assholes ğŸ¤£ğŸ‘ #FloridaStrong https://t.co/OpoMDt3CAl,2020-02-14 19:13:56,
1228366875270225922,This is more important. #MSDStrong.  #FloridaStrong. https://t.co/iWT1lMi3nA,2020-02-14 17:14:19,
1228319616491016193,Two Years ago today #stonemandouglas #valentinesday remembering the lives that where lost and there familyâ€™s todayâ€¦ https://t.co/YcuCLngjLU,2020-02-14 14:06:32,
1228317972336455681,This day changed my heart FOREVER ğŸ’”ğŸ¦…ğŸ™ğŸ½ #february14 #214 #majorystonemandouglas #msdstrong #msd #douglasstrongâ€¦ https://t.co/MAyz8iWnUP,2020-02-14 14:00:00,
1227971790506516481,@LeonSheriff @AETV TeamCam was awesome!  4 second difference...they did great!! (Shouldâ€™ve been a tie) #floridastrong,2020-02-13 15:04:24,
1227958500271235073,Good morning #Sunshine and #Trulievers ğŸ™Œ. May your day be filled with #loveandlight and proper medication.ğŸŒ±ğŸŒ±ğŸ’¨ğŸ’¨ğŸ”¥ğŸ”¥â€¦ https://t.co/6RoPYBp0wS,2020-02-13 14:11:35,"[28.13333333, -81.63166667]"
1227686083263111173,@Fearless45_MAGA @starrtraveler29 @RichforGA #FloridaStrong  #FloridianWomenForTrump,2020-02-12 20:09:06,
1227644724229672962,"""If Austin's gonna be weird, Chicago's gonna be windy... in Florida we're committed to being authentic""â€¦ https://t.co/KcnAfjTtXK",2020-02-12 17:24:45,
1227087961088380928,"RT @cherie_denham: We will not be intimidated.

We will not stop.

Tampa stands with you @DuvalGOP !
#LeadRight 
#FloridaStrong https://t.câ€¦",2020-02-11 04:32:22,
1226878354462330885,"RT @cherie_denham: We will not be intimidated.

We will not stop.

Tampa stands with you @DuvalGOP !
#LeadRight 
#FloridaStrong https://t.câ€¦",2020-02-10 14:39:28,
1226873983259357189,"RT @cherie_denham: We will not be intimidated.

We will not stop.

Tampa stands with you @DuvalGOP !
#LeadRight 
#FloridaStrong https://t.câ€¦",2020-02-10 14:22:06,
1226846548472082438,"RT @cherie_denham: We will not be intimidated.

We will not stop.

Tampa stands with you @DuvalGOP !
#LeadRight 
#FloridaStrong https://t.câ€¦",2020-02-10 12:33:05,
1226836660228382721,"RT @cherie_denham: We will not be intimidated.

We will not stop.

Tampa stands with you @DuvalGOP !
#LeadRight 
#FloridaStrong https://t.câ€¦",2020-02-10 11:53:47,
1226751361426972674,"RT @cherie_denham: We will not be intimidated.

We will not stop.

Tampa stands with you @DuvalGOP !
#LeadRight 
#FloridaStrong https://t.câ€¦",2020-02-10 06:14:51,
1226736707778772994,"RT @cherie_denham: We will not be intimidated.

We will not stop.

Tampa stands with you @DuvalGOP !
#LeadRight 
#FloridaStrong https://t.câ€¦",2020-02-10 05:16:37,
1226705031400808448,"RT @cherie_denham: We will not be intimidated.

We will not stop.

Tampa stands with you @DuvalGOP !
#LeadRight 
#FloridaStrong https://t.câ€¦",2020-02-10 03:10:45,
1226703131897192451,"RT @cherie_denham: We will not be intimidated.

We will not stop.

Tampa stands with you @DuvalGOP !
#LeadRight 
#FloridaStrong https://t.câ€¦",2020-02-10 03:03:12,
1226702476105191424,"RT @cherie_denham: We will not be intimidated.

We will not stop.

Tampa stands with you @DuvalGOP !
#LeadRight 
#FloridaStrong https://t.câ€¦",2020-02-10 03:00:35,
1226700981838209024,"RT @cherie_denham: We will not be intimidated.

We will not stop.

Tampa stands with you @DuvalGOP !
#LeadRight 
#FloridaStrong https://t.câ€¦",2020-02-10 02:54:39,
1226683187214069760,"RT @cherie_denham: We will not be intimidated.

We will not stop.

Tampa stands with you @DuvalGOP !
#LeadRight 
#FloridaStrong https://t.câ€¦",2020-02-10 01:43:57,
1226683057538785281,"RT @cherie_denham: We will not be intimidated.

We will not stop.

Tampa stands with you @DuvalGOP !
#LeadRight 
#FloridaStrong https://t.câ€¦",2020-02-10 01:43:26,
1226680295837044739,"RT @cherie_denham: We will not be intimidated.

We will not stop.

Tampa stands with you @DuvalGOP !
#LeadRight 
#FloridaStrong https://t.câ€¦",2020-02-10 01:32:27,
1226679824409751554,"RT @cherie_denham: We will not be intimidated.

We will not stop.

Tampa stands with you @DuvalGOP !
#LeadRight 
#FloridaStrong https://t.câ€¦",2020-02-10 01:30:35,
1226678351458226176,"RT @cherie_denham: We will not be intimidated.

We will not stop.

Tampa stands with you @DuvalGOP !
#LeadRight 
#FloridaStrong https://t.câ€¦",2020-02-10 01:24:44,
1226678301764259842,"RT @cherie_denham: We will not be intimidated.

We will not stop.

Tampa stands with you @DuvalGOP !
#LeadRight 
#FloridaStrong https://t.câ€¦",2020-02-10 01:24:32,
1226678239227207681,"RT @cherie_denham: We will not be intimidated.

We will not stop.

Tampa stands with you @DuvalGOP !
#LeadRight 
#FloridaStrong https://t.câ€¦",2020-02-10 01:24:17,
1226678131039330307,"RT @cherie_denham: We will not be intimidated.

We will not stop.

Tampa stands with you @DuvalGOP !
#LeadRight 
#FloridaStrong https://t.câ€¦",2020-02-10 01:23:51,
1226678036403294208,"RT @cherie_denham: We will not be intimidated.

We will not stop.

Tampa stands with you @DuvalGOP !
#LeadRight 
#FloridaStrong https://t.câ€¦",2020-02-10 01:23:29,
1226677673365250048,"RT @cherie_denham: We will not be intimidated.

We will not stop.

Tampa stands with you @DuvalGOP !
#LeadRight 
#FloridaStrong https://t.câ€¦",2020-02-10 01:22:02,
1226677258821218310,"RT @cherie_denham: We will not be intimidated.

We will not stop.

Tampa stands with you @DuvalGOP !
#LeadRight 
#FloridaStrong https://t.câ€¦",2020-02-10 01:20:23,
1226675989905891331,"RT @cherie_denham: We will not be intimidated.

We will not stop.

Tampa stands with you @DuvalGOP !
#LeadRight 
#FloridaStrong https://t.câ€¦",2020-02-10 01:15:21,
1226675698590507010,"RT @cherie_denham: We will not be intimidated.

We will not stop.

Tampa stands with you @DuvalGOP !
#LeadRight 
#FloridaStrong https://t.câ€¦",2020-02-10 01:14:11,
1226674872404848641,"RT @cherie_denham: We will not be intimidated.

We will not stop.

Tampa stands with you @DuvalGOP !
#LeadRight 
#FloridaStrong https://t.câ€¦",2020-02-10 01:10:54,
1226674816587051008,"RT @cherie_denham: We will not be intimidated.

We will not stop.

Tampa stands with you @DuvalGOP !
#LeadRight 
#FloridaStrong https://t.câ€¦",2020-02-10 01:10:41,
1226673694371729408,"RT @cherie_denham: We will not be intimidated.

We will not stop.

Tampa stands with you @DuvalGOP !
#LeadRight 
#FloridaStrong https://t.câ€¦",2020-02-10 01:06:13,
1226672874062319623,"RT @cherie_denham: We will not be intimidated.

We will not stop.

Tampa stands with you @DuvalGOP !
#LeadRight 
#FloridaStrong https://t.câ€¦",2020-02-10 01:02:58,
1226671921707790337,"RT @cherie_denham: We will not be intimidated.

We will not stop.

Tampa stands with you @DuvalGOP !
#LeadRight 
#FloridaStrong https://t.câ€¦",2020-02-10 00:59:11,
1226671522380644355,"RT @cherie_denham: We will not be intimidated.

We will not stop.

Tampa stands with you @DuvalGOP !
#LeadRight 
#FloridaStrong https://t.câ€¦",2020-02-10 00:57:36,
1226632472055746562,"RT @cherie_denham: We will not be intimidated.

We will not stop.

Tampa stands with you @DuvalGOP !
#LeadRight 
#FloridaStrong https://t.câ€¦",2020-02-09 22:22:25,
1226632318636429313,"RT @cherie_denham: We will not be intimidated.

We will not stop.

Tampa stands with you @DuvalGOP !
#LeadRight 
#FloridaStrong https://t.câ€¦",2020-02-09 22:21:49,
1226631655525355522,"We will not be intimidated.

We will not stop.

Tampa stands with you @DuvalGOP !
#LeadRight 
#FloridaStrong https://t.co/OGkUWfEEJc",2020-02-09 22:19:11,
1229782962687762432,"SIX MONTHS from today, vote for Ray!

Letâ€™s step into a â€˜New Dayâ€™ together!

On August 18th, vote Ray Sansom for Suâ€¦ https://t.co/FiW6aFCNEV",2020-02-18 15:01:21,
1227436924471828481,"The WMBB App hard at work! Think it is foggy out? Drive safely, high beams off through the fog, the reflection willâ€¦ https://t.co/500mZjRWxS",2020-02-12 03:39:02,
1226686660877914112,ğŸ’” still #PanHandleStrong but heartbroken for so many still struggling to recover. https://t.co/loRdQD79A3,2020-02-10 01:57:45,
